domain,category,function,sentence
정보 전달,1. 정보 전달⋅요구하기,1.1. (정체) 확인하기와 상술하기,This is/That’s/It’s/They’re ... .
정보 전달,1. 정보 전달⋅요구하기,1.1. (정체) 확인하기와 상술하기,The man over there is Mr. Kim.
정보 전달,1. 정보 전달⋅요구하기,1.1. (정체) 확인하기와 상술하기,We have three cats and one dog.
정보 전달,1. 정보 전달⋅요구하기,1.1. (정체) 확인하기와 상술하기,My father is 45 years old.
정보 전달,1. 정보 전달⋅요구하기,1.2.1. 개인 정보 제공하기,My name is John.
정보 전달,1. 정보 전달⋅요구하기,1.2.1. 개인 정보 제공하기,I’m from the north of Canada.
정보 전달,1. 정보 전달⋅요구하기,1.2.1. 개인 정보 제공하기,I have three sisters and one brother.
정보 전달,1. 정보 전달⋅요구하기,1.2.2. 습관과 일과 묘사하기,He goes to school at 8:30.
정보 전달,1. 정보 전달⋅요구하기,1.2.2. 습관과 일과 묘사하기,I always go swimming on Tuesdays.
정보 전달,1. 정보 전달⋅요구하기,1.2.2. 습관과 일과 묘사하기,On Sundays I visit my grandmother.
정보 전달,1. 정보 전달⋅요구하기,1.2.2. 습관과 일과 묘사하기,John comes to my office every Tuesday.
정보 전달,1. 정보 전달⋅요구하기,1.2.3. 시간 말하기,What time is it? A quarter to six.
정보 전달,1. 정보 전달⋅요구하기,1.2.3. 시간 말하기,Do you have the time?
정보 전달,1. 정보 전달⋅요구하기,1.2.3. 시간 말하기,It’s 10:45.
정보 전달,1. 정보 전달⋅요구하기,1.2.3. 시간 말하기,The train leaves at three o’clock.
정보 전달,1. 정보 전달⋅요구하기,1.2.4. 인물 묘사하기,Ann has blue eyes.
정보 전달,1. 정보 전달⋅요구하기,1.2.4. 인물 묘사하기,Tom is tall and slim.
정보 전달,1. 정보 전달⋅요구하기,1.2.4. 인물 묘사하기,Mary has long brown hair.
정보 전달,1. 정보 전달⋅요구하기,1.2.5. 사물 묘사하기,It’s blue and it’s made of plastic.
정보 전달,1. 정보 전달⋅요구하기,1.2.5. 사물 묘사하기,It has four doors.
정보 전달,1. 정보 전달⋅요구하기,1.2.5. 사물 묘사하기,It is bigger than an elephant.
정보 전달,1. 정보 전달⋅요구하기,1.2.6. 장소 묘사하기,Seoul is the capital city of Korea.
정보 전달,1. 정보 전달⋅요구하기,1.2.6. 장소 묘사하기,It has 5 royal palaces and many historic sites.
정보 전달,1. 정보 전달⋅요구하기,1.2.6. 장소 묘사하기,It’s also famous for ... .
정보 전달,1. 정보 전달⋅요구하기,1.2.7. 경험이나 사건 묘사하기,"Last week, I visited Jejudo."
정보 전달,1. 정보 전달⋅요구하기,1.2.7. 경험이나 사건 묘사하기,"It was cool, but windy."
정보 전달,1. 정보 전달⋅요구하기,1.2.7. 경험이나 사건 묘사하기,I took a taxi and ... .
정보 전달,1. 정보 전달⋅요구하기,1.2.8. 이야기 서술하기,"Once upon a time, there lived a giant."
정보 전달,1. 정보 전달⋅요구하기,1.2.8. 이야기 서술하기,He was ... .
정보 전달,1. 정보 전달⋅요구하기,1.3. 수정하기,"No, it isn’t."
정보 전달,1. 정보 전달⋅요구하기,1.3. 수정하기,(Sorry.) That’s/It’s not right.
정보 전달,1. 정보 전달⋅요구하기,1.3. 수정하기,"(No,) this is MY bag."
정보 전달,1. 정보 전달⋅요구하기,1.3. 수정하기,(I think) you’ve made a mistake.
정보 전달,1. 정보 전달⋅요구하기,1.4. 질문하고 답하기,Is she from Egypt?
정보 전달,1. 정보 전달⋅요구하기,1.4. 질문하고 답하기,Do you like dancing?
정보 전달,1. 정보 전달⋅요구하기,1.4. 질문하고 답하기,Who is he?
정보 전달,1. 정보 전달⋅요구하기,1.4. 질문하고 답하기,Whose notebook is this/that?
정보 전달,1. 정보 전달⋅요구하기,1.4. 질문하고 답하기,What is your name?
정보 전달,1. 정보 전달⋅요구하기,1.4. 질문하고 답하기,What time is it?
정보 전달,1. 정보 전달⋅요구하기,1.4. 질문하고 답하기,Which movie do you want to see?
정보 전달,1. 정보 전달⋅요구하기,1.4. 질문하고 답하기,Where did she go to university?
정보 전달,1. 정보 전달⋅요구하기,1.4. 질문하고 답하기,When did it happen?
정보 전달,1. 정보 전달⋅요구하기,1.4. 질문하고 답하기,Why are we waiting?
정보 전달,1. 정보 전달⋅요구하기,1.4. 질문하고 답하기,How did they travel?
정보 전달,1. 정보 전달⋅요구하기,1.4. 질문하고 답하기,How much does it cost?
태도 및 의견,1. 사실에 대한 태도 표현하기,1.1. 동의하기,"Me, too."
태도 및 의견,1. 사실에 대한 태도 표현하기,1.1. 동의하기,Okay!/Of course!/Good!/Fine!/Great!
태도 및 의견,1. 사실에 대한 태도 표현하기,1.1. 동의하기,"(Yes,) I agree."
태도 및 의견,1. 사실에 대한 태도 표현하기,1.1. 동의하기,Exactly!/Certainly!
태도 및 의견,1. 사실에 대한 태도 표현하기,1.1. 동의하기,That’s a good idea.
태도 및 의견,1. 사실에 대한 태도 표현하기,1.1. 동의하기,That’s right.
태도 및 의견,1. 사실에 대한 태도 표현하기,1.2. 이의 제기하거나 부인하기,I don’t think/believe so.
태도 및 의견,1. 사실에 대한 태도 표현하기,1.2. 이의 제기하거나 부인하기,I don’t agree/disagree (with you).
태도 및 의견,1. 사실에 대한 태도 표현하기,1.2. 이의 제기하거나 부인하기,That isn’t true.
태도 및 의견,1. 사실에 대한 태도 표현하기,1.2. 이의 제기하거나 부인하기,That’s not right/correct.
태도 및 의견,1. 사실에 대한 태도 표현하기,1.2. 이의 제기하거나 부인하기,Of course not.
태도 및 의견,1. 사실에 대한 태도 표현하기,1.2. 이의 제기하거나 부인하기,You’re wrong.
태도 및 의견,1. 사실에 대한 태도 표현하기,1.2. 이의 제기하거나 부인하기,I don’t think ... .
태도 및 의견,1. 사실에 대한 태도 표현하기,1.3. 동의나 이의 여부 묻기,What do you think?
태도 및 의견,1. 사실에 대한 태도 표현하기,1.3. 동의나 이의 여부 묻기,Don’t you agree?
태도 및 의견,1. 사실에 대한 태도 표현하기,1.3. 동의나 이의 여부 묻기,Would/Do you agree with me?
태도 및 의견,"2. 지식, 기억, 믿음 표현하기",2.1. 알거나 모름 표현하기,I (don’t) know (about) ... .
태도 및 의견,"2. 지식, 기억, 믿음 표현하기",2.1. 알거나 모름 표현하기,I heard/have heard (about) ... .
태도 및 의견,"2. 지식, 기억, 믿음 표현하기",2.1. 알거나 모름 표현하기,I’m aware (of) ... .
태도 및 의견,"2. 지식, 기억, 믿음 표현하기",2.1. 알거나 모름 표현하기,I have no idea.
태도 및 의견,"2. 지식, 기억, 믿음 표현하기",2.1. 알거나 모름 표현하기,I haven’t got a clue.
태도 및 의견,"2. 지식, 기억, 믿음 표현하기",2.1. 알거나 모름 표현하기,Do you know (about) ... ?
태도 및 의견,"2. 지식, 기억, 믿음 표현하기",2.1. 알거나 모름 표현하기,Have you heard (about) ... ?
태도 및 의견,"2. 지식, 기억, 믿음 표현하기",2.1. 알거나 모름 표현하기,"You know ... (, don’t you)?"
태도 및 의견,"2. 지식, 기억, 믿음 표현하기",2.1. 알거나 모름 표현하기,Are you aware (of) ... ?
태도 및 의견,"2. 지식, 기억, 믿음 표현하기",2.2. 궁금증 표현하기,I’m curious about ... .
태도 및 의견,"2. 지식, 기억, 믿음 표현하기",2.2. 궁금증 표현하기,I wonder ... .
태도 및 의견,"2. 지식, 기억, 믿음 표현하기",2.2. 궁금증 표현하기,I’d be (very) interested to know ... .
태도 및 의견,"2. 지식, 기억, 믿음 표현하기",2.2. 궁금증 표현하기,Can someone tell me about ... ?
태도 및 의견,"2. 지식, 기억, 믿음 표현하기",2.2. 궁금증 표현하기,I have a question.
태도 및 의견,"2. 지식, 기억, 믿음 표현하기",2.2. 궁금증 표현하기,"(Please,) Tell me (about)... ."
태도 및 의견,"2. 지식, 기억, 믿음 표현하기",2.3. 기억이나 망각 표현하기,I (don’t/can’t) remember ... .
태도 및 의견,"2. 지식, 기억, 믿음 표현하기",2.3. 기억이나 망각 표현하기,I (nearly/completely) forgot (about that/where I put my bag).
태도 및 의견,"2. 지식, 기억, 믿음 표현하기",2.3. 기억이나 망각 표현하기,I’ll never forget ... .
태도 및 의견,"2. 지식, 기억, 믿음 표현하기",2.3. 기억이나 망각 표현하기,Do/Don’t you remember ... ?
태도 및 의견,"2. 지식, 기억, 믿음 표현하기",2.3. 기억이나 망각 표현하기,I wonder if you remember ... .
태도 및 의견,"2. 지식, 기억, 믿음 표현하기",2.3. 기억이나 망각 표현하기,"You haven’t forgotten about ... , have you?"
태도 및 의견,"2. 지식, 기억, 믿음 표현하기",2.4. 상기시키기,Remember to ... .
태도 및 의견,"2. 지식, 기억, 믿음 표현하기",2.4. 상기시키기,Remind me to ... .
태도 및 의견,"2. 지식, 기억, 믿음 표현하기",2.4. 상기시키기,Don’t forget to ... .
태도 및 의견,"2. 지식, 기억, 믿음 표현하기",2.5. 확실성 정도 표현하기,I’m (not) sure.
태도 및 의견,"2. 지식, 기억, 믿음 표현하기",2.5. 확실성 정도 표현하기,Are you sure/certain about ... ?
태도 및 의견,"2. 지식, 기억, 믿음 표현하기",2.5. 확실성 정도 표현하기,I have no doubt.
태도 및 의견,"2. 지식, 기억, 믿음 표현하기",2.5. 확실성 정도 표현하기,I’m (not) (quite/fairly/absolutely) sure/certain ... .
태도 및 의견,"2. 지식, 기억, 믿음 표현하기",2.5. 확실성 정도 표현하기,How sure are you that ... ?
태도 및 의견,"2. 지식, 기억, 믿음 표현하기",2.5. 확실성 정도 표현하기,It seems ... .
태도 및 의견,3. 양상 표현하기,3.1. 가능성 정도 표현하기,... may/can be changed.
태도 및 의견,3. 양상 표현하기,3.1. 가능성 정도 표현하기,Perhaps/Possibly/Maybe they will ... .
태도 및 의견,3. 양상 표현하기,3.1. 가능성 정도 표현하기,They should/ought to ... .
태도 및 의견,3. 양상 표현하기,3.1. 가능성 정도 표현하기,It is certain/probable/likely/possible/ impossible that ... .
태도 및 의견,3. 양상 표현하기,3.1. 가능성 정도 표현하기,May/Can John ... ?
태도 및 의견,3. 양상 표현하기,3.1. 가능성 정도 표현하기,Is Mary likely to ... ?
태도 및 의견,3. 양상 표현하기,3.1. 가능성 정도 표현하기,Is it probable/likely/possible/ impossible that ... ?
태도 및 의견,3. 양상 표현하기,3.2. 의무 표현하기,You have to/must ... .
태도 및 의견,3. 양상 표현하기,3.2. 의무 표현하기,You should/ought to ... .
태도 및 의견,3. 양상 표현하기,3.2. 의무 표현하기,It is required to ... .
태도 및 의견,3. 양상 표현하기,3.2. 의무 표현하기,You’re expected to ... .
태도 및 의견,3. 양상 표현하기,3.2. 의무 표현하기,Must I ... ?
태도 및 의견,3. 양상 표현하기,3.2. 의무 표현하기,Do I (really) have/need to (...)?
태도 및 의견,3. 양상 표현하기,3.2. 의무 표현하기,Is it necessary to ... ?
태도 및 의견,3. 양상 표현하기,3.2. 의무 표현하기,I don’t have/need to ... .
태도 및 의견,3. 양상 표현하기,3.3. 허가 표현하기,May/Can I ... ?
태도 및 의견,3. 양상 표현하기,3.3. 허가 표현하기,"(Yes,) You may/can ... ."
태도 및 의견,3. 양상 표현하기,3.3. 허가 표현하기,"(No,) You may not/can’t."
태도 및 의견,3. 양상 표현하기,3.3. 허가 표현하기,Is it all right/okay if ... ?
태도 및 의견,3. 양상 표현하기,3.3. 허가 표현하기,I wonder if I could ... .
태도 및 의견,3. 양상 표현하기,3.3. 허가 표현하기,Do you mind if ... ?
태도 및 의견,3. 양상 표현하기,3.3. 허가 표현하기,You must not/may not ... .
태도 및 의견,3. 양상 표현하기,3.3. 허가 표현하기,(I’m afraid) it’s/that’s not possible.
태도 및 의견,3. 양상 표현하기,3.3. 허가 표현하기,You’re not allowed/supposed to ... .
태도 및 의견,3. 양상 표현하기,3.4. 능력 유무 표현하기,I can (not) ... .
태도 및 의견,3. 양상 표현하기,3.4. 능력 유무 표현하기,I was (not) able to ... .
태도 및 의견,3. 양상 표현하기,3.4. 능력 유무 표현하기,I (don’t) know how to ... .
태도 및 의견,3. 양상 표현하기,3.4. 능력 유무 표현하기,I’m (not) good at ... .
태도 및 의견,3. 양상 표현하기,3.4. 능력 유무 표현하기,Can you ... ?
태도 및 의견,3. 양상 표현하기,3.4. 능력 유무 표현하기,Do you know how to ... ?
태도 및 의견,3. 양상 표현하기,3.4. 능력 유무 표현하기,Are you good at ... ?
태도 및 의견,4. 의지 표현하기,"4.1. 바람, 소원, 요망 표현하기",I want (to) ... .
태도 및 의견,4. 의지 표현하기,"4.1. 바람, 소원, 요망 표현하기",I’d like ... .
태도 및 의견,4. 의지 표현하기,"4.1. 바람, 소원, 요망 표현하기",I look/am looking forward to ... .
태도 및 의견,4. 의지 표현하기,"4.1. 바람, 소원, 요망 표현하기",I wish I could ... .
태도 및 의견,4. 의지 표현하기,"4.1. 바람, 소원, 요망 표현하기",Do you want (to) ... ?
태도 및 의견,4. 의지 표현하기,"4.1. 바람, 소원, 요망 표현하기",Would you like ... ?
태도 및 의견,4. 의지 표현하기,"4.1. 바람, 소원, 요망 표현하기",Do you wish (you could) ... ?
태도 및 의견,4. 의지 표현하기,"4.1. 바람, 소원, 요망 표현하기",Are you looking forward to ... ?
태도 및 의견,4. 의지 표현하기,4.2. 의도 표현하기,I’m going to ... .
태도 및 의견,4. 의지 표현하기,4.2. 의도 표현하기,I’m thinking of ... .
태도 및 의견,4. 의지 표현하기,4.2. 의도 표현하기,I’m planning to ... .
태도 및 의견,4. 의지 표현하기,4.2. 의도 표현하기,What will you do ... ?
태도 및 의견,4. 의지 표현하기,4.2. 의도 표현하기,Will you ... ?
태도 및 의견,4. 의지 표현하기,4.2. 의도 표현하기,Are you going to ... ?
태도 및 의견,4. 의지 표현하기,4.2. 의도 표현하기,Are you thinking of ... ?
태도 및 의견,4. 의지 표현하기,4.2. 의도 표현하기,Are you planning to ... ?
태도 및 의견,5. 감정 표현하기,"5.1. 기쁨, 즐거움 표현하기",That’s great/wonderful!
태도 및 의견,5. 감정 표현하기,"5.1. 기쁨, 즐거움 표현하기",I’m/I feel (very/so) happy/glad.
태도 및 의견,5. 감정 표현하기,"5.1. 기쁨, 즐거움 표현하기",I’m (very) glad/delighted to ... .
태도 및 의견,5. 감정 표현하기,"5.1. 기쁨, 즐거움 표현하기",It’s a (great) pleasure to ... .
태도 및 의견,5. 감정 표현하기,"5.2. 희망, 기대 표현하기",I hope ... .
태도 및 의견,5. 감정 표현하기,"5.2. 희망, 기대 표현하기",I’m looking forward to ... .
태도 및 의견,5. 감정 표현하기,"5.2. 희망, 기대 표현하기",I can’t wait for ... .
태도 및 의견,5. 감정 표현하기,"5.2. 희망, 기대 표현하기",I’m excited (about... )!
태도 및 의견,5. 감정 표현하기,"5.3. 슬픔, 화 표현하기",I’m/I feel (rather/quite/very) sad/ unhappy/angry/upset/annoyed (about ...).
태도 및 의견,5. 감정 표현하기,"5.3. 슬픔, 화 표현하기",That makes me (really) sad/angry.
태도 및 의견,5. 감정 표현하기,"5.3. 슬픔, 화 표현하기",I’m in a bad mood (now/today).
태도 및 의견,5. 감정 표현하기,"5.3. 슬픔, 화 표현하기",I can’t stand ... .
태도 및 의견,5. 감정 표현하기,"5.3. 슬픔, 화 표현하기",... is (very) annoying/irritating.
태도 및 의견,5. 감정 표현하기,"5.3. 슬픔, 화 표현하기",How sad.
태도 및 의견,5. 감정 표현하기,"5.4. 불만족, 실망 표현하기",I’m/I feel (very) disappointed.
태도 및 의견,5. 감정 표현하기,"5.4. 불만족, 실망 표현하기",That’s very disappointing.
태도 및 의견,5. 감정 표현하기,"5.4. 불만족, 실망 표현하기",What a pity/shame!
태도 및 의견,5. 감정 표현하기,"5.4. 불만족, 실망 표현하기","Oh, my(goodness)!"
태도 및 의견,5. 감정 표현하기,"5.5. 걱정, 두려움 표현하기",I’m (rather) worried/anxious (about ...).
태도 및 의견,5. 감정 표현하기,"5.5. 걱정, 두려움 표현하기",I’m scared/frightened/terrified (to ...).
태도 및 의견,5. 감정 표현하기,5.6. 감정이나 상태 묻기,Are you all right/okay?
태도 및 의견,5. 감정 표현하기,5.6. 감정이나 상태 묻기,How are you feeling?
태도 및 의견,5. 감정 표현하기,5.6. 감정이나 상태 묻기,Are you afraid/scared/frightened of ... ?
태도 및 의견,5. 감정 표현하기,5.6. 감정이나 상태 묻기,Are you worried/concerned/anxious about ... ?
태도 및 의견,5. 감정 표현하기,5.6. 감정이나 상태 묻기,What are you afraid of/worry about?
태도 및 의견,5. 감정 표현하기,5.6. 감정이나 상태 묻기,Why are you so happy/excited/sad/ angry?
태도 및 의견,5. 감정 표현하기,5.6. 감정이나 상태 묻기,What’s wrong?
태도 및 의견,5. 감정 표현하기,5.6. 감정이나 상태 묻기,What’s the matter?
태도 및 의견,5. 감정 표현하기,5.7. 위로하기와 안심시키기,Don’t worry.
태도 및 의견,5. 감정 표현하기,5.7. 위로하기와 안심시키기,Come on!
태도 및 의견,5. 감정 표현하기,5.7. 위로하기와 안심시키기,Cheer up!
태도 및 의견,5. 감정 표현하기,5.7. 위로하기와 안심시키기,Don’t worry/be afraid/be frightened.
태도 및 의견,5. 감정 표현하기,5.7. 위로하기와 안심시키기,Things will be better (soon).
태도 및 의견,5. 감정 표현하기,5.7. 위로하기와 안심시키기,Everything will be ok/all right.
태도 및 의견,5. 감정 표현하기,5.7. 위로하기와 안심시키기,Don’t be disappointed/discouraged.
태도 및 의견,5. 감정 표현하기,5.8. 유감이나 동정 표현하기,That’s too bad.
태도 및 의견,5. 감정 표현하기,5.8. 유감이나 동정 표현하기,I’m (so/very) sorry (to hear ...).
태도 및 의견,5. 감정 표현하기,5.8. 유감이나 동정 표현하기,That’s a pity/shame.
태도 및 의견,5. 감정 표현하기,5.9. 공감 표현하기,I feel the same way.
태도 및 의견,5. 감정 표현하기,5.9. 공감 표현하기,I understand how you feel.
태도 및 의견,5. 감정 표현하기,5.9. 공감 표현하기,I agree with you.
태도 및 의견,5. 감정 표현하기,5.9. 공감 표현하기,I think you’re right.
태도 및 의견,5. 감정 표현하기,5.10. 화냄에 응대하기,Calm down!
태도 및 의견,5. 감정 표현하기,5.10. 화냄에 응대하기,Don’t get so angry!
태도 및 의견,5. 감정 표현하기,5.10. 화냄에 응대하기,There’s nothing to get angry about.
태도 및 의견,5. 감정 표현하기,5.10. 화냄에 응대하기,That’s too bad.
태도 및 의견,5. 감정 표현하기,5.10. 화냄에 응대하기,I feel the same way.
태도 및 의견,5. 감정 표현하기,5.11. 안도감 표현하기,That’s a relief.
태도 및 의견,5. 감정 표현하기,5.11. 안도감 표현하기,What a relief!
태도 및 의견,5. 감정 표현하기,5.11. 안도감 표현하기,Thank goodness.
태도 및 의견,5. 감정 표현하기,5.11. 안도감 표현하기,I’m relieved/glad to hear ... .
태도 및 의견,5. 감정 표현하기,5.12. 좋아하거나 싫어하는 것 표현하기,I (don’t) like/love (to) ... .
태도 및 의견,5. 감정 표현하기,5.12. 좋아하거나 싫어하는 것 표현하기,I enjoy ... (very much).
태도 및 의견,5. 감정 표현하기,5.12. 좋아하거나 싫어하는 것 표현하기,My favorite thing is ... .
태도 및 의견,5. 감정 표현하기,5.12. 좋아하거나 싫어하는 것 표현하기,... is (very) good/nice/pleasant.
태도 및 의견,5. 감정 표현하기,5.12. 좋아하거나 싫어하는 것 표현하기,I hate (to) ... .
태도 및 의견,5. 감정 표현하기,5.12. 좋아하거나 싫어하는 것 표현하기,Do you like ... ?
태도 및 의견,5. 감정 표현하기,5.12. 좋아하거나 싫어하는 것 표현하기,What (...) do you like?
태도 및 의견,5. 감정 표현하기,5.12. 좋아하거나 싫어하는 것 표현하기,What’s/Who’s your favorite ... ?
태도 및 의견,5. 감정 표현하기,5.13. 선호 표현하기,I prefer X to Y.
태도 및 의견,5. 감정 표현하기,5.13. 선호 표현하기,I(’d) prefer (to) ... (if possible).
태도 및 의견,5. 감정 표현하기,5.13. 선호 표현하기,I think X is better than/preferable to Y.
태도 및 의견,5. 감정 표현하기,5.13. 선호 표현하기,Which do you prefer?
태도 및 의견,5. 감정 표현하기,5.13. 선호 표현하기,Do you prefer X to/or Y?
태도 및 의견,5. 감정 표현하기,5.13. 선호 표현하기,Do you like X better/more than Y?
태도 및 의견,5. 감정 표현하기,5.14. 만족이나 불만족 표현하기,Good!/Fine!/Excellent!
태도 및 의견,5. 감정 표현하기,5.14. 만족이나 불만족 표현하기,I’m (not) satisfied/happy (with ...).
태도 및 의견,5. 감정 표현하기,5.14. 만족이나 불만족 표현하기,That’ll do.
태도 및 의견,5. 감정 표현하기,5.14. 만족이나 불만족 표현하기,That won’t do/work.
태도 및 의견,5. 감정 표현하기,5.14. 만족이나 불만족 표현하기,Are you satisfied/happy (with ...)?
태도 및 의견,5. 감정 표현하기,5.14. 만족이나 불만족 표현하기,How do you like/find ... ?
태도 및 의견,5. 감정 표현하기,5.14. 만족이나 불만족 표현하기,Is this what you want(ed)/need(ed)/ meant/had in mind?
태도 및 의견,5. 감정 표현하기,5.15. 불평하기,It’s not fair.
태도 및 의견,5. 감정 표현하기,5.15. 불평하기,I’m not happy about ... .
태도 및 의견,5. 감정 표현하기,5.15. 불평하기,I want to complain about ... .
태도 및 의견,5. 감정 표현하기,5.15. 불평하기,You can’t possibly ... .
태도 및 의견,5. 감정 표현하기,5.15. 불평하기,"I’m sorry, but... ."
태도 및 의견,5. 감정 표현하기,5.16. 관심이나 무관심 표현하기,I’m (not) (very) interested in ... .
태도 및 의견,5. 감정 표현하기,5.16. 관심이나 무관심 표현하기,... interests me (a lot/greatly).
태도 및 의견,5. 감정 표현하기,5.16. 관심이나 무관심 표현하기,I’m fascinated by ... .
태도 및 의견,5. 감정 표현하기,5.16. 관심이나 무관심 표현하기,How interesting/boring!
태도 및 의견,5. 감정 표현하기,5.16. 관심이나 무관심 표현하기,Are you interested in ... ?
태도 및 의견,5. 감정 표현하기,5.16. 관심이나 무관심 표현하기,What are you interested in?
태도 및 의견,5. 감정 표현하기,5.16. 관심이나 무관심 표현하기,Do you find X interesting?
태도 및 의견,5. 감정 표현하기,5.17. 놀람 표현하기,What a surprise!
태도 및 의견,5. 감정 표현하기,5.17. 놀람 표현하기,That’s/It’s surprising!
태도 및 의견,5. 감정 표현하기,5.17. 놀람 표현하기,I (just) can’t believe this.
태도 및 의견,5. 감정 표현하기,5.17. 놀람 표현하기,I’m surprised that ... .
태도 및 의견,5. 감정 표현하기,5.17. 놀람 표현하기,Does that surprise you?
태도 및 의견,5. 감정 표현하기,5.17. 놀람 표현하기,Are you surprised that ... ?
태도 및 의견,5. 감정 표현하기,5.17. 놀람 표현하기,What surprised you?
태도 및 의견,6. 도덕적 태도 표현하기,6.1. 도덕적 의무 표현하기,You should/ought to ... .
태도 및 의견,6. 도덕적 태도 표현하기,6.1. 도덕적 의무 표현하기,It’s right/wrong to ... .
태도 및 의견,6. 도덕적 태도 표현하기,6.1. 도덕적 의무 표현하기,You must ... .
태도 및 의견,6. 도덕적 태도 표현하기,6.1. 도덕적 의무 표현하기,You have to/have got to ... .
태도 및 의견,6. 도덕적 태도 표현하기,6.1. 도덕적 의무 표현하기,You’re supposed to ... .
태도 및 의견,6. 도덕적 태도 표현하기,6.2. 승인이나 거부 표현하기,(Very) good.
태도 및 의견,6. 도덕적 태도 표현하기,6.2. 승인이나 거부 표현하기,That’s fine/excellent.
태도 및 의견,6. 도덕적 태도 표현하기,6.2. 승인이나 거부 표현하기,That’s/It’s not (very) good/nice.
태도 및 의견,6. 도덕적 태도 표현하기,6.2. 승인이나 거부 표현하기,You shouldn’t have done that.
태도 및 의견,6. 도덕적 태도 표현하기,6.2. 승인이나 거부 표현하기,I don’t/can’t approve (of ...).
태도 및 의견,6. 도덕적 태도 표현하기,6.2. 승인이나 거부 표현하기,How’s this?
태도 및 의견,6. 도덕적 태도 표현하기,6.2. 승인이나 거부 표현하기,What do you think of ... ?
태도 및 의견,6. 도덕적 태도 표현하기,6.2. 승인이나 거부 표현하기,How do you find ... ?
태도 및 의견,6. 도덕적 태도 표현하기,6.2. 승인이나 거부 표현하기,Do you approve (of) ... ?
태도 및 의견,6. 도덕적 태도 표현하기,6.3. 비난 표현하기,It’s (all) your/his fault.
태도 및 의견,6. 도덕적 태도 표현하기,6.3. 비난 표현하기,You’re to blame.
태도 및 의견,6. 도덕적 태도 표현하기,6.3. 비난 표현하기,It’s (all) because of you/him.
태도 및 의견,6. 도덕적 태도 표현하기,6.3. 비난 표현하기,It isn’t/wasn’t my fault.
태도 및 의견,6. 도덕적 태도 표현하기,6.3. 비난 표현하기,Don’t blame me.
태도 및 의견,6. 도덕적 태도 표현하기,6.3. 비난 표현하기,It was a(n honest) mistake.
태도 및 의견,7. 설득⋅권고하기,7.1. 제안⋅권유하기,Let’s ... .
태도 및 의견,7. 설득⋅권고하기,7.1. 제안⋅권유하기,What/How about ... ?
태도 및 의견,7. 설득⋅권고하기,7.1. 제안⋅권유하기,Why don’t we/you ... ?
태도 및 의견,7. 설득⋅권고하기,7.1. 제안⋅권유하기,Can you make it (at ten)?
태도 및 의견,7. 설득⋅권고하기,7.1. 제안⋅권유하기,You’d better ... .
태도 및 의견,7. 설득⋅권고하기,7.1. 제안⋅권유하기,(I think) you should/ought to ... .
태도 및 의견,7. 설득⋅권고하기,7.1. 제안⋅권유하기,Would you like (me) to ... ?
태도 및 의견,7. 설득⋅권고하기,7.1. 제안⋅권유하기,I suggest (that) we ... .
태도 및 의견,7. 설득⋅권고하기,7.1. 제안⋅권유하기,Shall we ... ?
태도 및 의견,7. 설득⋅권고하기,7.2. 도움 제안이나 요청하기,Can I help you?
태도 및 의견,7. 설득⋅권고하기,7.2. 도움 제안이나 요청하기,Let me help you.
태도 및 의견,7. 설득⋅권고하기,7.2. 도움 제안이나 요청하기,Can I give you a hand?
태도 및 의견,7. 설득⋅권고하기,7.2. 도움 제안이나 요청하기,"(Please,) open the door."
태도 및 의견,7. 설득⋅권고하기,7.2. 도움 제안이나 요청하기,"Can you ...(, please)?"
태도 및 의견,7. 설득⋅권고하기,7.2. 도움 제안이나 요청하기,Could I ask you to ... ?
태도 및 의견,7. 설득⋅권고하기,7.2. 도움 제안이나 요청하기,Would you mind closing the window?
태도 및 의견,7. 설득⋅권고하기,"7.3. (도움) 제안, 권유, 요청에 답하기",Yes!/Okay!
태도 및 의견,7. 설득⋅권고하기,"7.3. (도움) 제안, 권유, 요청에 답하기",Sure!/All right!
태도 및 의견,7. 설득⋅권고하기,"7.3. (도움) 제안, 권유, 요청에 답하기",No problem.
태도 및 의견,7. 설득⋅권고하기,"7.3. (도움) 제안, 권유, 요청에 답하기",(That) sounds good.
태도 및 의견,7. 설득⋅권고하기,"7.3. (도움) 제안, 권유, 요청에 답하기","Sorry ..., but ... ."
태도 및 의견,7. 설득⋅권고하기,"7.3. (도움) 제안, 권유, 요청에 답하기","No, thank you."
태도 및 의견,7. 설득⋅권고하기,"7.3. (도움) 제안, 권유, 요청에 답하기","Thank you, but ... ."
태도 및 의견,7. 설득⋅권고하기,"7.3. (도움) 제안, 권유, 요청에 답하기",I’m afraid I can’t ... .
태도 및 의견,7. 설득⋅권고하기,7.4. 충고하거나 구하기,(I think) you should ... .
태도 및 의견,7. 설득⋅권고하기,7.4. 충고하거나 구하기,Why don’t you ... ?
태도 및 의견,7. 설득⋅권고하기,7.4. 충고하거나 구하기,You’d better ... .
태도 및 의견,7. 설득⋅권고하기,7.4. 충고하거나 구하기,"If I were you, I’d ... ."
태도 및 의견,7. 설득⋅권고하기,7.4. 충고하거나 구하기,Do you think I should ... ?
태도 및 의견,7. 설득⋅권고하기,7.4. 충고하거나 구하기,Could you give me some advice?
태도 및 의견,7. 설득⋅권고하기,7.4. 충고하거나 구하기,What would you do if ... ?
태도 및 의견,7. 설득⋅권고하기,7.5. 허락 요청하고 답하기,"May/Can I ... (, please)?"
태도 및 의견,7. 설득⋅권고하기,7.5. 허락 요청하고 답하기,Let me ... .
태도 및 의견,7. 설득⋅권고하기,7.5. 허락 요청하고 답하기,Do you mind if ... ?
태도 및 의견,7. 설득⋅권고하기,7.5. 허락 요청하고 답하기,Would it be possible ... ?
태도 및 의견,7. 설득⋅권고하기,7.5. 허락 요청하고 답하기,I was wondering if I could ... ?
태도 및 의견,7. 설득⋅권고하기,7.5. 허락 요청하고 답하기,(I’m afraid) that’s/it’s not possible.
태도 및 의견,7. 설득⋅권고하기,7.6. 행동이나 방향 지시하기,Stand up.
태도 및 의견,7. 설득⋅권고하기,7.6. 행동이나 방향 지시하기,Come to the front.
태도 및 의견,7. 설득⋅권고하기,7.6. 행동이나 방향 지시하기,Flip the card.
태도 및 의견,7. 설득⋅권고하기,7.6. 행동이나 방향 지시하기,Turn on the light.
태도 및 의견,7. 설득⋅권고하기,7.6. 행동이나 방향 지시하기,The museum is on the left.
태도 및 의견,7. 설득⋅권고하기,7.6. 행동이나 방향 지시하기,Go to the end of the street and turn right.
태도 및 의견,7. 설득⋅권고하기,7.6. 행동이나 방향 지시하기,Where is the supermarket?
태도 및 의견,7. 설득⋅권고하기,7.6. 행동이나 방향 지시하기,It’s straight ahead.
태도 및 의견,7. 설득⋅권고하기,7.7. 경고하기,Don’t ... .
태도 및 의견,7. 설득⋅권고하기,7.7. 경고하기,Be careful.
태도 및 의견,7. 설득⋅권고하기,7.7. 경고하기,Watch/Look out (for ...)!
태도 및 의견,7. 설득⋅권고하기,7.7. 경고하기,Make sure you don’t ... .
태도 및 의견,7. 설득⋅권고하기,7.7. 경고하기,Mind your head/step!
태도 및 의견,7. 설득⋅권고하기,7.8. 금지하기,Don’t ... .
태도 및 의견,7. 설득⋅권고하기,7.8. 금지하기,You mustn’t/can’t/shouldn’t ... .
태도 및 의견,7. 설득⋅권고하기,7.8. 금지하기,You’d better not ... .
담화와 글,1. 사교 활동하기,1.1. 주의 끌기,Hey!/Hello!
담화와 글,1. 사교 활동하기,1.1. 주의 끌기,"(Oh,) look/listen."
담화와 글,1. 사교 활동하기,1.1. 주의 끌기,"May I have your attention(, please)?"
담화와 글,1. 사교 활동하기,1.1. 주의 끌기,Excuse me.
담화와 글,1. 사교 활동하기,1.2. 만날 때 인사하기,Hi!/Hello!
담화와 글,1. 사교 활동하기,1.2. 만날 때 인사하기,Good morning/afternoon/evening.
담화와 글,1. 사교 활동하기,1.2. 만날 때 인사하기,Good/Nice to see you (again)!
담화와 글,1. 사교 활동하기,1.2. 만날 때 인사하기,How do you DO?
담화와 글,1. 사교 활동하기,1.2. 만날 때 인사하기,-How do YOU do?
담화와 글,1. 사교 활동하기,1.2. 만날 때 인사하기,It’s been a long time.
담화와 글,1. 사교 활동하기,1.3. 호칭하기,Mr./Miss/Mrs./Ms. ...
담화와 글,1. 사교 활동하기,1.3. 호칭하기,Doctor/Professor/Director Brown How/What do you want me to call you?
담화와 글,1. 사교 활동하기,1.4. 안부 묻고 답하기,How are you (today)?
담화와 글,1. 사교 활동하기,1.4. 안부 묻고 답하기,How’s it going?
담화와 글,1. 사교 활동하기,1.4. 안부 묻고 답하기,How are you doing?
담화와 글,1. 사교 활동하기,1.4. 안부 묻고 답하기,What's up?
담화와 글,1. 사교 활동하기,1.4. 안부 묻고 답하기,How have you/things been?
담화와 글,1. 사교 활동하기,1.4. 안부 묻고 답하기,"(I’m) okay (, thanks/thank you)."
담화와 글,1. 사교 활동하기,1.4. 안부 묻고 답하기,"(I’m) fine/very well (, thanks/thank you)."
담화와 글,1. 사교 활동하기,1.4. 안부 묻고 답하기,"Not (too/so) bad (, thanks/thank you)."
담화와 글,1. 사교 활동하기,1.5. 제삼자에게 안부 부탁하기,Say hello to ... (for me).
담화와 글,1. 사교 활동하기,1.5. 제삼자에게 안부 부탁하기,Please give my regards to ... .
담화와 글,1. 사교 활동하기,1.5. 제삼자에게 안부 부탁하기,Remember me to ... .
담화와 글,1. 사교 활동하기,1.6. 소개하기와 소개에 답하기,I’m ... .
담화와 글,1. 사교 활동하기,1.6. 소개하기와 소개에 답하기,My name is ... .
담화와 글,1. 사교 활동하기,1.6. 소개하기와 소개에 답하기,I’m ... .
담화와 글,1. 사교 활동하기,1.6. 소개하기와 소개에 답하기,Please call me ... .
담화와 글,1. 사교 활동하기,1.6. 소개하기와 소개에 답하기,"X, this is Y. Y, this is X."
담화와 글,1. 사교 활동하기,1.6. 소개하기와 소개에 답하기,I’d like you to meet ... .
담화와 글,1. 사교 활동하기,1.6. 소개하기와 소개에 답하기,I’d like to introduce ... .
담화와 글,1. 사교 활동하기,1.6. 소개하기와 소개에 답하기,(It’s) nice/good to meet you.
담화와 글,1. 사교 활동하기,1.6. 소개하기와 소개에 답하기,(I’m) (very) pleased to meet you.
담화와 글,1. 사교 활동하기,1.6. 소개하기와 소개에 답하기,It’s a pleasure to meet/meeting you.
담화와 글,1. 사교 활동하기,1.6. 소개하기와 소개에 답하기,I’ve been looking forward to meeting you.
담화와 글,1. 사교 활동하기,1.7. 소개가 필요한지 묻기,Do you know each other?
담화와 글,1. 사교 활동하기,1.7. 소개가 필요한지 묻기,Have you already met ... ?
담화와 글,1. 사교 활동하기,1.7. 소개가 필요한지 묻기,"I think you (two) know/have met each other, don’t/haven’t you?"
담화와 글,1. 사교 활동하기,1.7. 소개가 필요한지 묻기,"X, can I introduce Y?"
담화와 글,1. 사교 활동하기,1.8. 환영하기,Welcome!
담화와 글,1. 사교 활동하기,1.8. 환영하기,Glad you’re here.
담화와 글,1. 사교 활동하기,1.8. 환영하기,Glad you could come.
담화와 글,1. 사교 활동하기,1.9. 음식 권하고 답하기,(Please) help yourself.
담화와 글,1. 사교 활동하기,1.9. 음식 권하고 답하기,Please go ahead.
담화와 글,1. 사교 활동하기,1.9. 음식 권하고 답하기,Please try some ... .
담화와 글,1. 사교 활동하기,1.9. 음식 권하고 답하기,Would you like some ... ?
담화와 글,1. 사교 활동하기,1.9. 음식 권하고 답하기,Do you want some more(...)?
담화와 글,1. 사교 활동하기,1.9. 음식 권하고 답하기,"Yes, please/thanks/thank you."
담화와 글,1. 사교 활동하기,1.9. 음식 권하고 답하기,"No, thanks/thank you. (I’m full./I’d rather have some ... .)"
담화와 글,1. 사교 활동하기,1.9. 음식 권하고 답하기,That would be very nice.
담화와 글,1. 사교 활동하기,1.9. 음식 권하고 답하기,It/everything looks delicious.
담화와 글,1. 사교 활동하기,1.10. 감사 표현하고 답하기,Thanks (a lot)/Thank you (very/so much).
담화와 글,1. 사교 활동하기,1.10. 감사 표현하고 답하기,Thanks for ... .
담화와 글,1. 사교 활동하기,1.10. 감사 표현하고 답하기,I (really) (do) appreciate your help/ what you’ve done.
담화와 글,1. 사교 활동하기,1.10. 감사 표현하고 답하기,Sure.
담화와 글,1. 사교 활동하기,1.10. 감사 표현하고 답하기,You’re welcome.
담화와 글,1. 사교 활동하기,1.10. 감사 표현하고 답하기,No problem.
담화와 글,1. 사교 활동하기,1.10. 감사 표현하고 답하기,(It was) my pleasure.
담화와 글,1. 사교 활동하기,1.10. 감사 표현하고 답하기,Don’t mention it.
담화와 글,1. 사교 활동하기,1.10. 감사 표현하고 답하기,Not a big deal.
담화와 글,1. 사교 활동하기,1.11. 사과하고 수용하기,(I’m so/very) sorry (about that).
담화와 글,1. 사교 활동하기,1.11. 사과하고 수용하기,Please forgive me.
담화와 글,1. 사교 활동하기,1.11. 사과하고 수용하기,I apologize.
담화와 글,1. 사교 활동하기,1.11. 사과하고 수용하기,Not at all.
담화와 글,1. 사교 활동하기,1.11. 사과하고 수용하기,(That’s/It’s) okay.
담화와 글,1. 사교 활동하기,1.11. 사과하고 수용하기,That’s all right.
담화와 글,1. 사교 활동하기,1.11. 사과하고 수용하기,Forget it.
담화와 글,1. 사교 활동하기,1.11. 사과하고 수용하기,It doesn’t matter.
담화와 글,1. 사교 활동하기,1.11. 사과하고 수용하기,No problem.
담화와 글,1. 사교 활동하기,1.11. 사과하고 수용하기,Never mind.
담화와 글,1. 사교 활동하기,"1.12. 축하, 칭찬하기",Congratulations (on ...)!
담화와 글,1. 사교 활동하기,"1.12. 축하, 칭찬하기",(Very) good!
담화와 글,1. 사교 활동하기,"1.12. 축하, 칭찬하기",Good (for you)!
담화와 글,1. 사교 활동하기,"1.12. 축하, 칭찬하기",What a nice ... !
담화와 글,1. 사교 활동하기,"1.12. 축하, 칭찬하기",How ... she is!
담화와 글,1. 사교 활동하기,"1.12. 축하, 칭찬하기",Great!/Excellent!
담화와 글,1. 사교 활동하기,"1.12. 축하, 칭찬하기",(You did a) good (work/job)!
담화와 글,1. 사교 활동하기,"1.12. 축하, 칭찬하기",I like ... !
담화와 글,1. 사교 활동하기,"1.12. 축하, 칭찬하기",Thanks/Thank you (very much).
담화와 글,1. 사교 활동하기,"1.12. 축하, 칭찬하기","You, too!"
담화와 글,1. 사교 활동하기,"1.12. 축하, 칭찬하기",I’m glad you like ... .
담화와 글,1. 사교 활동하기,"1.12. 축하, 칭찬하기",How nice (of you)!
담화와 글,1. 사교 활동하기,1.13. 격려하기,You can do it!
담화와 글,1. 사교 활동하기,1.13. 격려하기,Don’t give up!
담화와 글,1. 사교 활동하기,1.13. 격려하기,That’s all right. (You’ll do better next time).
담화와 글,1. 사교 활동하기,1.13. 격려하기,Come on.
담화와 글,1. 사교 활동하기,1.13. 격려하기,Keep (on) going.
담화와 글,1. 사교 활동하기,1.13. 격려하기,Thanks/Thank you (very much).
담화와 글,1. 사교 활동하기,1.13. 격려하기,"You, too!"
담화와 글,1. 사교 활동하기,1.13. 격려하기,How nice (of you)!
담화와 글,1. 사교 활동하기,1.14. 기원하기,Happy birthday/New Year/... !
담화와 글,1. 사교 활동하기,1.14. 기원하기,Good luck (with your .../the ...)!
담화와 글,1. 사교 활동하기,1.14. 기원하기,Bless you.
담화와 글,1. 사교 활동하기,1.14. 기원하기,Have a good/nice ... !
담화와 글,1. 사교 활동하기,1.14. 기원하기,I’ll keep my fingers crossed!
담화와 글,1. 사교 활동하기,1.14. 기원하기,I hope/wish ... .
담화와 글,1. 사교 활동하기,1.15. 헤어질 때 인사하기,Bye(-bye).
담화와 글,1. 사교 활동하기,1.15. 헤어질 때 인사하기,Goodbye.
담화와 글,1. 사교 활동하기,1.15. 헤어질 때 인사하기,Take care.
담화와 글,1. 사교 활동하기,1.15. 헤어질 때 인사하기,(Have a) nice day/good night.
담화와 글,1. 사교 활동하기,1.15. 헤어질 때 인사하기,See you (later/again/tomorrow).
담화와 글,2. 담화⋅글 구성하기,2.1. 대화 시작하기,"May I have your attention, please?"
담화와 글,2. 담화⋅글 구성하기,2.1. 대화 시작하기,"Excuse me, can I talk to you for a minute?"
담화와 글,2. 담화⋅글 구성하기,2.1. 대화 시작하기,Excuse me. I wonder if you could help me.
담화와 글,2. 담화⋅글 구성하기,2.1. 대화 시작하기,"Hello everyone, I’m very happy to be speaking with you today."
담화와 글,2. 담화⋅글 구성하기,2.1. 대화 시작하기,"My name is ... , and I’m ... ."
담화와 글,2. 담화⋅글 구성하기,2.1. 대화 시작하기,"Today, I'd like to talk about ... ."
담화와 글,2. 담화⋅글 구성하기,2.1. 대화 시작하기,We will discuss ... .
담화와 글,2. 담화⋅글 구성하기,2.1. 대화 시작하기,I am going to talk about.
담화와 글,2. 담화⋅글 구성하기,2.1. 대화 시작하기,The purpose of this presentation is ... .
담화와 글,2. 담화⋅글 구성하기,2.2. 내용 시작⋅전환 알리기,Let’s get started.
담화와 글,2. 담화⋅글 구성하기,2.2. 내용 시작⋅전환 알리기,Let me begin by looking at ... .
담화와 글,2. 담화⋅글 구성하기,2.2. 내용 시작⋅전환 알리기,Let me start with some ... .
담화와 글,2. 담화⋅글 구성하기,2.3. 주제 소개하기,(Now) let’s talk about ... .
담화와 글,2. 담화⋅글 구성하기,2.3. 주제 소개하기,I’d like to say something about ... .
담화와 글,2. 담화⋅글 구성하기,2.3. 주제 소개하기,I’d like to tell you what ... .
담화와 글,2. 담화⋅글 구성하기,2.4. 질문 요청⋅응대하기,"If you have any questions, feel free to ask me."
담화와 글,2. 담화⋅글 구성하기,2.4. 질문 요청⋅응대하기,Does anyone have any questions or comments?
담화와 글,2. 담화⋅글 구성하기,2.4. 질문 요청⋅응대하기,Please stop me if you have any questions.
담화와 글,2. 담화⋅글 구성하기,2.4. 질문 요청⋅응대하기,Do you have any questions before I move on?
담화와 글,2. 담화⋅글 구성하기,2.4. 질문 요청⋅응대하기,"Thank you for your question, Ann."
담화와 글,2. 담화⋅글 구성하기,2.4. 질문 요청⋅응대하기,That's an interesting/great question.
담화와 글,2. 담화⋅글 구성하기,2.4. 질문 요청⋅응대하기,Does that answer your question?
담화와 글,2. 담화⋅글 구성하기,2.4. 질문 요청⋅응대하기,"Please email me at email@address.com, if you have any question."
담화와 글,2. 담화⋅글 구성하기,2.5. 의견 묻거나 표현하기,What do you think (of/about ...)?
담화와 글,2. 담화⋅글 구성하기,2.5. 의견 묻거나 표현하기,How do you feel about ... ?
담화와 글,2. 담화⋅글 구성하기,2.5. 의견 묻거나 표현하기,What is your view/opinion?
담화와 글,2. 담화⋅글 구성하기,2.5. 의견 묻거나 표현하기,I think/feel/believe ... .
담화와 글,2. 담화⋅글 구성하기,2.5. 의견 묻거나 표현하기,It seems to me ... .
담화와 글,2. 담화⋅글 구성하기,2.5. 의견 묻거나 표현하기,"In my view/opinion, ... ."
담화와 글,2. 담화⋅글 구성하기,2.6. 예시 들기,For example ... .
담화와 글,2. 담화⋅글 구성하기,2.6. 예시 들기,A good example of this is ... .
담화와 글,2. 담화⋅글 구성하기,2.6. 예시 들기,To illustrate this point ... .
담화와 글,2. 담화⋅글 구성하기,2.6. 예시 들기,This reminds me of ... .
담화와 글,2. 담화⋅글 구성하기,2.6. 예시 들기,To give you an example ... .
담화와 글,2. 담화⋅글 구성하기,2.7. 열거하기,"A, B, and C."
담화와 글,2. 담화⋅글 구성하기,2.7. 열거하기,There are three things to consider.
담화와 글,2. 담화⋅글 구성하기,2.7. 열거하기,First ... . Second ... . Third ... .
담화와 글,2. 담화⋅글 구성하기,2.7. 열거하기,There are two kinds of ... . The first is ... . The second is ... .
담화와 글,2. 담화⋅글 구성하기,2.7. 열거하기,"We can see four advantages and two disadvantages. First, advantages ... ."
담화와 글,2. 담화⋅글 구성하기,2.7. 열거하기,"One is ... . Another is ... . A third advantage is ... . Finally(Lastly), ... ."
담화와 글,2. 담화⋅글 구성하기,2.7. 열거하기,There are (four) different stages to the process.
담화와 글,2. 담화⋅글 구성하기,2.7. 열거하기,"First ... , then ... , next ... , after that ... , then x, after x there’s y."
담화와 글,2. 담화⋅글 구성하기,2.7. 열거하기,There are two steps involved. The first step is ... . The second step is ... .
담화와 글,2. 담화⋅글 구성하기,2.7. 열거하기,There are four stages to the project.
담화와 글,2. 담화⋅글 구성하기,2.7. 열거하기,At the beginning / later / then / finally ... .
담화와 글,2. 담화⋅글 구성하기,2.8. 강조하기,It is important to/that ... .
담화와 글,2. 담화⋅글 구성하기,2.8. 강조하기,I want to stress ... .
담화와 글,2. 담화⋅글 구성하기,2.8. 강조하기,My point is ... .
담화와 글,2. 담화⋅글 구성하기,2.8. 강조하기,I DO love my family.
담화와 글,2. 담화⋅글 구성하기,2.8. 강조하기,This is important because ... .
담화와 글,2. 담화⋅글 구성하기,2.8. 강조하기,I’d like to emphasize that ... .
담화와 글,2. 담화⋅글 구성하기,2.8. 강조하기,We have to remember that ... .
담화와 글,2. 담화⋅글 구성하기,2.8. 강조하기,"In other words, ... ."
담화와 글,2. 담화⋅글 구성하기,2.8. 강조하기,"To put it more simply, ... ."
담화와 글,2. 담화⋅글 구성하기,2.8. 강조하기,What I’m saying is that ... .
담화와 글,2. 담화⋅글 구성하기,2.8. 강조하기,What I want to say... .
담화와 글,2. 담화⋅글 구성하기,2.9. 정의하기,X/This means ... .
담화와 글,2. 담화⋅글 구성하기,2.9. 정의하기,The meaning of X/this is ... .
담화와 글,2. 담화⋅글 구성하기,2.10. 요약하기,"In short, ... ."
담화와 글,2. 담화⋅글 구성하기,2.10. 요약하기,"In brief, ... ."
담화와 글,2. 담화⋅글 구성하기,2.10. 요약하기,"To sum up, ... ."
담화와 글,2. 담화⋅글 구성하기,2.11. 주제 바꾸기,"By the way, ... ."
담화와 글,2. 담화⋅글 구성하기,2.11. 주제 바꾸기,Let’s move on to ... .
담화와 글,2. 담화⋅글 구성하기,2.11. 주제 바꾸기,I’d like to say something else ... .
담화와 글,2. 담화⋅글 구성하기,2.12. 대화에 끼어들기,Excuse me.
담화와 글,2. 담화⋅글 구성하기,2.12. 대화에 끼어들기,Can I say something?
담화와 글,2. 담화⋅글 구성하기,2.12. 대화에 끼어들기,Can I interrupt you for a moment?
담화와 글,2. 담화⋅글 구성하기,2.13. 대화 종료하기,Thanks for listening.
담화와 글,2. 담화⋅글 구성하기,2.13. 대화 종료하기,Thank you for your attention/time.
담화와 글,2. 담화⋅글 구성하기,2.13. 대화 종료하기,It was nice talking(to you).
담화와 글,2. 담화⋅글 구성하기,2.13. 대화 종료하기,That’s all I want to say about ... .
담화와 글,2. 담화⋅글 구성하기,2.13. 대화 종료하기,"To sum up, ... ."
담화와 글,2. 담화⋅글 구성하기,2.13. 대화 종료하기,That's it for today.
담화와 글,2. 담화⋅글 구성하기,2.13. 대화 종료하기,"So, now I’d be very interested to hear your comments."
담화와 글,2. 담화⋅글 구성하기,2.13. 대화 종료하기,This is the end of this presentation.
담화와 글,2. 담화⋅글 구성하기,2.13. 대화 종료하기,"Anyway, I should get back to work."
담화와 글,2. 담화⋅글 구성하기,2.13. 대화 종료하기,"I’m sorry, I have to go now."
담화와 글,2. 담화⋅글 구성하기,2.13. 대화 종료하기,"I must go, see you later."
담화와 글,2. 담화⋅글 구성하기,2.14. 매체 사용하기,Hello?
담화와 글,2. 담화⋅글 구성하기,2.14. 매체 사용하기,(This is) ... (speaking/here).
담화와 글,2. 담화⋅글 구성하기,2.14. 매체 사용하기,"May/Can I speak to ... , please?"
담화와 글,2. 담화⋅글 구성하기,2.14. 매체 사용하기,"Who’s calling, please?"
담화와 글,2. 담화⋅글 구성하기,2.14. 매체 사용하기,Can I leave/take a message?
담화와 글,2. 담화⋅글 구성하기,2.14. 매체 사용하기,"(Sorry, but) can I call you back?"
담화와 글,2. 담화⋅글 구성하기,2.14. 매체 사용하기,"Dear Mr. Kim, Best regards/Sincerely, Can you hear/see me?"
담화와 글,2. 담화⋅글 구성하기,2.14. 매체 사용하기,Is the audio/video working?
담화와 글,2. 담화⋅글 구성하기,2.14. 매체 사용하기,Turn on/off your video.
담화와 글,2. 담화⋅글 구성하기,2.14. 매체 사용하기,"Please, mute/turn off the microphone."
담화와 글,2. 담화⋅글 구성하기,2.14. 매체 사용하기,I can’t see the people at the sides of the room.
담화와 글,2. 담화⋅글 구성하기,2.14. 매체 사용하기,Thank you for talking with me today.
담화와 글,2. 담화⋅글 구성하기,2.14. 매체 사용하기,Thank you for taking the time to talk with me today.
담화와 글,3. 의사소통 개선하기,3.1. 반복 요청하고 답하기,Excuse me?
담화와 글,3. 의사소통 개선하기,3.1. 반복 요청하고 답하기,(I’m) sorry?
담화와 글,3. 의사소통 개선하기,3.1. 반복 요청하고 답하기,What (did you say)?
담화와 글,3. 의사소통 개선하기,3.1. 반복 요청하고 답하기,(I beg your) pardon?
담화와 글,3. 의사소통 개선하기,3.1. 반복 요청하고 답하기,"Would you say that again(, please)?"
담화와 글,3. 의사소통 개선하기,3.1. 반복 요청하고 답하기,-(I said) X.
담화와 글,3. 의사소통 개선하기,3.1. 반복 요청하고 답하기,-I said that ... .
담화와 글,3. 의사소통 개선하기,3.1. 반복 요청하고 답하기,Can you repeat that?
담화와 글,3. 의사소통 개선하기,3.1. 반복 요청하고 답하기,Can you speak (more) slowly?
담화와 글,3. 의사소통 개선하기,3.2. 확인 요청하기,Did you say X?
담화와 글,3. 의사소통 개선하기,3.2. 확인 요청하기,Are you sure?
담화와 글,3. 의사소통 개선하기,3.2. 확인 요청하기,Do/Did you mean ... ?
담화와 글,3. 의사소통 개선하기,3.2. 확인 요청하기,"He lives in Seoul, doesn’t he?"
담화와 글,3. 의사소통 개선하기,3.3. 설명 요청하기,What is X (exactly)?
담화와 글,3. 의사소통 개선하기,3.3. 설명 요청하기,What do you mean by X?
담화와 글,3. 의사소통 개선하기,3.3. 설명 요청하기,Could you explain ... ?
담화와 글,3. 의사소통 개선하기,3.4. 철자⋅필기 요청하고 답하기,How do you spell ... ?
담화와 글,3. 의사소통 개선하기,3.4. 철자⋅필기 요청하고 답하기,"Could you spell that, please?"
담화와 글,3. 의사소통 개선하기,3.4. 철자⋅필기 요청하고 답하기,"Could you write that down (for me), please?"
담화와 글,3. 의사소통 개선하기,3.4. 철자⋅필기 요청하고 답하기,-B-A-G.
담화와 글,3. 의사소통 개선하기,3.4. 철자⋅필기 요청하고 답하기,-‘Bag’ is spelled B-A-G.
담화와 글,3. 의사소통 개선하기,3.4. 철자⋅필기 요청하고 답하기,-It’s spelled with a capital ‘P’.
담화와 글,3. 의사소통 개선하기,3.5. 표현 요청하기,What is X (in English)?
담화와 글,3. 의사소통 개선하기,3.5. 표현 요청하기,Do you say ... (or ...)?
담화와 글,3. 의사소통 개선하기,3.5. 표현 요청하기,I don’t know how to say/write it.
담화와 글,3. 의사소통 개선하기,3.5. 표현 요청하기,How would/do you say this in English/Korean?
담화와 글,3. 의사소통 개선하기,3.6. 표현 제안하기,X.
담화와 글,3. 의사소통 개선하기,3.6. 표현 제안하기,Do you mean X?
담화와 글,3. 의사소통 개선하기,3.6. 표현 제안하기,I think you mean ... .
담화와 글,3. 의사소통 개선하기,3.6. 표현 제안하기,In English/Korean we say ... .
담화와 글,3. 의사소통 개선하기,3.7. 이해 점검하기와 이해 상태 나타내기,Do you understand?
담화와 글,3. 의사소통 개선하기,3.7. 이해 점검하기와 이해 상태 나타내기,Do you see/know what I mean?
담화와 글,3. 의사소통 개선하기,3.7. 이해 점검하기와 이해 상태 나타내기,Is this/everything clear (now)?
담화와 글,3. 의사소통 개선하기,3.7. 이해 점검하기와 이해 상태 나타내기,Do you follow me?
담화와 글,3. 의사소통 개선하기,3.7. 이해 점검하기와 이해 상태 나타내기,"I’m sorry, did you say “...”?"
담화와 글,3. 의사소통 개선하기,3.7. 이해 점검하기와 이해 상태 나타내기,I’m not sure I understand. Are you saying that ...?
담화와 글,3. 의사소통 개선하기,3.7. 이해 점검하기와 이해 상태 나타내기,Do you mean ...?
담화와 글,3. 의사소통 개선하기,3.7. 이해 점검하기와 이해 상태 나타내기,Are you with me?
담화와 글,3. 의사소통 개선하기,3.7. 이해 점검하기와 이해 상태 나타내기,I see./Okay.
담화와 글,3. 의사소통 개선하기,3.7. 이해 점검하기와 이해 상태 나타내기,I (don’t) understand.
담화와 글,3. 의사소통 개선하기,3.7. 이해 점검하기와 이해 상태 나타내기,"Please, go on."
담화와 글,3. 의사소통 개선하기,3.7. 이해 점검하기와 이해 상태 나타내기,It (still) isn’t clear to me what this means.
담화와 글,3. 의사소통 개선하기,3.7. 이해 점검하기와 이해 상태 나타내기,(Sorry/I’m afraid) I don’t know what you mean/meant.
담화와 글,3. 의사소통 개선하기,3.8. 오해 알리기,"(No,) I mean Y (not X) ... ."
담화와 글,3. 의사소통 개선하기,3.8. 오해 알리기,(I’m afraid) that’s wrong/not right.
담화와 글,3. 의사소통 개선하기,3.8. 오해 알리기,That’s not (exactly) what I meant to say.
담화와 글,3. 의사소통 개선하기,3.9. 생각할 시간 요청하거나 주기,Let me see/think.
담화와 글,3. 의사소통 개선하기,3.9. 생각할 시간 요청하거나 주기,Just a moment (while I think).
담화와 글,3. 의사소통 개선하기,3.9. 생각할 시간 요청하거나 주기,May I think about that for a moment?
담화와 글,3. 의사소통 개선하기,3.9. 생각할 시간 요청하거나 주기,Take your time (to think).
담화와 글,3. 의사소통 개선하기,3.9. 생각할 시간 요청하거나 주기,You have five minutes.
담화와 글,3. 의사소통 개선하기,3.9. 생각할 시간 요청하거나 주기,I’ll give you five (more) minutes.
