word,stars,level,alt_spelling,derived
a,*,초등,,an
abandon,,선택,,
able,**,중고공통,,disabled
aboard,,선택,,
abort,,선택,,abortion
abound,,선택,,abundant
about,*,초등,,
above,*,초등,,
abroad,,선택,,
absent,,선택,,
absolute,**,중고공통,,
absorb,,선택,,
abstract,,선택,,
absurd,,선택,,
abuse,,선택,,
academy,,선택,,
accelerate,,선택,,
accent,**,중고공통,,
accept,**,중고공통,,
access,**,중고공통,,
accident,**,중고공통,,
accommodate,,선택,,
accompany,,선택,,
accomplish,,선택,,
accord,,선택,,
account,**,중고공통,,
accumulate,,선택,,
accurate,,선택,,
accuse,**,중고공통,,
ache,,선택,,headache
achieve,**,중고공통,,
acid,,선택,,
acknowledge,,선택,,
acquire,,선택,,
acquisition,,선택,,
across,*,초등,,
act,*,초등,,"actual, interact"
adapt,**,중고공통,,
add,*,초등,,
addict,,선택,,
address,*,초등,,
adequate,,선택,,
adjust,,선택,,
administer,,선택,,administration
admire,**,중고공통,,
admit,**,중고공통,,admission
adolescent,,선택,,
adopt,**,중고공통,,
adult,*,초등,,
advance,**,중고공통,,
advantage,**,중고공통,,disadvantage
adventure,**,중고공통,,
adverse,,선택,,
advertize,**,중고공통,advertise,
advice,**,중고공통,,
advise,**,중고공통,,
advocate,,선택,,
aesthetic,,선택,,
affair,**,중고공통,,
affect,**,중고공통,,affection
afford,**,중고공통,,
afraid,*,초등,,
after,*,초등,,
afternoon,*,초등,,
again,*,초등,,
against,*,초등,,
age,*,초등,,
agency,,선택,,
agenda,,선택,,
agent,**,중고공통,,
aggress,,선택,,aggressive
ago,*,초등,,
agree,*,초등,,disagree
agriculture,,선택,,
ahead,*,초등,,
aid,**,중고공통,,
aim,**,중고공통,,
air,*,초등,,
airline,**,중고공통,,
airplane,*,초등,aeroplane,
airport,**,중고공통,,
alarm,**,중고공통,,
album,*,초등,,
alcohol,**,중고공통,,
alert,,선택,,
alien,,선택,,
alike,,선택,,
alive,**,중고공통,,
all,*,초등,,
allocate,,선택,,
allow,**,중고공통,,
ally,,선택,,
almost,*,초등,,
alone,*,초등,,
along,*,초등,,
alongside,,선택,,
aloud,**,중고공통,,
already,*,초등,,
alright,*,초등,,
also,*,초등,,
alter,**,중고공통,,
alternate,,선택,,alternative
although,**,중고공통,,
altogether,**,중고공통,,
always,*,초등,,
amaze,**,중고공통,,
ambassador,,선택,,
ambition,,선택,,ambitious
ambulance,**,중고공통,,
among,**,중고공통,,
amount,**,중고공통,,
amuse,**,중고공통,,
analysis,**,중고공통,,
analyze,,선택,analyse,
anchor,,선택,,
ancient,,선택,,
and,*,초등,,
angel,**,중고공통,,
anger,**,중고공통,,
angle,,선택,,
animal,*,초등,,
anniversary,,선택,,
announce,**,중고공통,,
annoy,**,중고공통,,
annual,**,중고공통,,
another,*,초등,,
answer,*,초등,,
ant,**,중고공통,,
anticipate,,선택,,
anxiety,,선택,,
anxious,**,중고공통,,
any,*,초등,,
apart,**,중고공통,,
apartment,*,초등,,
apology,,선택,,
apparent,,선택,,
appeal,**,중고공통,,
appear,**,중고공통,,disappear
apple,*,초등,,
apply,**,중고공통,,applicant
appoint,**,중고공통,,
appreciate,**,중고공통,,
approach,**,중고공통,,
appropriate,**,중고공통,,
approve,,선택,,
approximate,,선택,,
architect,,선택,,architecture
area,*,초등,,
argue,**,중고공통,,
arise,,선택,,
arm,*,초등,,
army,**,중고공통,,
around,*,초등,,
arrange,**,중고공통,,
arrest,**,중고공통,,
arrive,*,초등,,
arrow,,선택,,
art,*,초등,,
article,**,중고공통,,
artifice,,선택,,artificial
as,*,초등,,
aside,**,중고공통,,
ask,*,초등,,
asleep,**,중고공통,,
aspect,,선택,,
aspire,,선택,,
assault,,선택,,
assemble,,선택,,
assert,,선택,,
assess,**,중고공통,,
asset,,선택,,
assign,**,중고공통,,assignment
assist,**,중고공통,,assistant
associate,**,중고공통,,
assume,**,중고공통,,
assure,,선택,,
astonish,,선택,,
at,*,초등,,
athlete,,선택,,
atmosphere,**,중고공통,,
atom,,선택,,
attach,**,중고공통,,
attack,**,중고공통,,
attempt,**,중고공통,,
attend,**,중고공통,,
attention,**,중고공통,,
attitude,**,중고공통,,
attract,**,중고공통,,
attribute,,선택,,
auction,,선택,,
audience,**,중고공통,,
aunt,*,초등,,
authentic,,선택,,
author,,선택,,
automatic,**,중고공통,,
autumn,*,초등,,
avail,,선택,,available
average,**,중고공통,,
avoid,**,중고공통,,
await,,선택,,
awake,**,중고공통,,
award,**,중고공통,,
aware,**,중고공통,,unaware
away,*,초등,,
awe,,선택,,awful
awkward,**,중고공통,,
baby,*,초등,,
back,*,초등,,
background,**,중고공통,,
bacon,**,중고공통,,
bad,*,초등,,
badminton,*,초등,,
bag,*,초등,,
bake,*,초등,,
balance,**,중고공통,,
ball,*,초등,,
balloon,**,중고공통,,
ban,,선택,,
banana,*,초등,,
band,**,중고공통,,
bang,**,중고공통,,
bank,*,초등,,
bankrupt,,선택,,
bar,**,중고공통,,
bare,**,중고공통,,
bargain,,선택,,
bark,**,중고공통,,
barrier,,선택,,
base,*,초등,,
baseball,*,초등,,
basis,**,중고공통,,
basket,*,초등,,
basketball,*,초등,,
bat,*,초등,,
bath,*,초등,,
battery,**,중고공통,,
battle,**,중고공통,,
bay,**,중고공통,,
be,*,초등,,
beach,*,초등,,
beam,,선택,,
bean,**,중고공통,,
bear,*,초등,,
beard,,선택,,
beast,,선택,,
beat,**,중고공통,,
beauty,*,초등,,
because,*,초등,,
become,*,초등,,
bed,*,초등,,
bee,*,초등,,
beef,*,초등,,
beer,**,중고공통,,
before,*,초등,,
beg,**,중고공통,,
begin,*,초등,,
behalf,,선택,,
behave,,선택,,behavior / behaviour
behind,*,초등,,
belief,**,중고공통,,
believe,*,초등,,
bell,*,초등,,
belong,**,중고공통,,
below,*,초등,,
belt,*,초등,,
bench,**,중고공통,,
bend,**,중고공통,,
beneath,**,중고공통,,
benefit,**,중고공통,,
beside,*,초등,,
bet,**,중고공통,,
betray,,선택,,
between,*,초등,,
beyond,**,중고공통,,
bias,,선택,,
big,*,초등,,
bike,*,초등,,
bill,*,초등,,
billion,**,중고공통,,
bin,**,중고공통,,
bind,**,중고공통,,
biography,,선택,,
biology,,선택,,
bird,*,초등,,
birth,*,초등,,
biscuit,*,초등,,
bit,**,중고공통,,
bite,**,중고공통,,
bitter,**,중고공통,,
black,*,초등,,
blame,**,중고공통,,
blank,**,중고공통,,
blanket,**,중고공통,,
blast,,선택,,
blend,,선택,,
bless,**,중고공통,,
blind,**,중고공통,,
blink,,선택,,
block,**,중고공통,,
blonde,**,중고공통,,
blood,*,초등,,
bloom,**,중고공통,,
blossom,,선택,,
blow,**,중고공통,,
blue,*,초등,,
board,*,초등,,
boat,*,초등,,
body,*,초등,,embody
boil,**,중고공통,,
bold,,선택,,
bomb,**,중고공통,,
bond,**,중고공통,,
bone,*,초등,,
book,*,초등,,
boom,**,중고공통,,
boost,,선택,,
boot,**,중고공통,,
border,,선택,,
bore,**,중고공통,,
borrow,*,초등,,
boss,**,중고공통,,
both,*,초등,,
bother,**,중고공통,,
bottle,*,초등,,
bottom,*,초등,,
bounce,**,중고공통,,
boundary,,선택,,
bow,**,중고공통,,
bowl,**,중고공통,,
box,*,초등,,
boy,*,초등,,
brain,**,중고공통,,
brake,**,중고공통,,
branch,**,중고공통,,
brand,**,중고공통,,
brave,*,초등,,
bread,*,초등,,
break,*,초등,,
breakfast,*,초등,,
breast,**,중고공통,,
breath,**,중고공통,,
breathe,**,중고공통,,
breed,,선택,,
breeze,,선택,,
brick,**,중고공통,,
bridge,*,초등,,
brief,**,중고공통,,
bright,*,초등,,
brilliant,**,중고공통,,
bring,*,초등,,
broad,**,중고공통,,
broadcast,,선택,,
brother,*,초등,,
brown,*,초등,,
brush,*,초등,,
brute,,선택,,brutal
bubble,**,중고공통,,
budget,**,중고공통,,
bug,**,중고공통,,
build,*,초등,,
bulk,,선택,,
bull,,선택,,
bully,,선택,,
bump,**,중고공통,,
bunch,**,중고공통,,
bundle,,선택,,
burden,,선택,,
burn,*,초등,,
burst,**,중고공통,,
bury,**,중고공통,,
bus,*,초등,,
bush,**,중고공통,,
business,*,초등,,
busy,*,초등,,
but,*,초등,,
butcher,,선택,,
butter,*,초등,,
button,*,초등,,
buy,*,초등,,
buzz,,선택,,
by,*,초등,,
cable,**,중고공통,,
cage,**,중고공통,,
cake,*,초등,,
calculate,**,중고공통,,calculator
calendar,**,중고공통,,
call,*,초등,,
calm,**,중고공통,,
camera,*,초등,,
camp,*,초등,,
campaign,*,초등,,
can,*,초등,,
cancel,,선택,,
cancer,,선택,,
candidate,,선택,,
candy,*,초등,,
canvas,,선택,,
cap,*,초등,,
capable,**,중고공통,,
cape,**,중고공통,,
capital,**,중고공통,,
captain,**,중고공통,,
capture,,선택,,
car,*,초등,,
card,*,초등,,
care,*,초등,,
career,**,중고공통,,
carpet,**,중고공통,,
carrot,*,초등,,
carry,*,초등,,
cart,**,중고공통,,
carve,,선택,,
case,*,초등,,casual
cash,*,초등,,
cast,**,중고공통,,
castle,**,중고공통,,
cat,*,초등,,
catalogue,**,중고공통,catalog,
catch,*,초등,,
category,**,중고공통,,
cater,,선택,,
cattle,,선택,,
cause,**,중고공통,,causal
caution,,선택,,
cave,,선택,,
cease,,선택,,
ceiling,**,중고공통,,
celebrate,,선택,,
celebrity,,선택,,
cell,**,중고공통,,
censor,,선택,,
center,*,초등,,
century,**,중고공통,,
certain,*,초등,,
certificate,,선택,,
chain,**,중고공통,,
chair,*,초등,,
chairman,**,중고공통,,
challenge,**,중고공통,,
chamber,,선택,,
champion,**,중고공통,,
chance,*,초등,,
change,*,초등,,
channel,**,중고공통,,
chaos,,선택,,
character,**,중고공통,,
characteristic,**,중고공통,,
charge,**,중고공통,,discharge
charity,,선택,,
charm,**,중고공통,,
chart,**,중고공통,,
chase,**,중고공통,,
chat,**,중고공통,,
cheap,*,초등,,
check,*,초등,cheque,
cheek,**,중고공통,,
cheer,**,중고공통,,
cheese,*,초등,,
chef,,선택,,
chemical,,선택,,
chest,**,중고공통,,
chew,**,중고공통,,
chicken,*,초등,,
chief,**,중고공통,,
child,*,초등,,
chill,,선택,,
chin,,선택,,
chip,**,중고공통,,
chocolate,*,초등,,
choice,**,중고공통,,
choir,,선택,,
choose,*,초등,,
chop,**,중고공통,,
chorus,,선택,,
chronic,,선택,,
church,*,초등,,
cigarette,**,중고공통,,
cinema,**,중고공통,,
circle,*,초등,,
circulate,,선택,,
circumstance,**,중고공통,,
cite,,선택,,
citizen,**,중고공통,,
city,*,초등,,
civil,**,중고공통,,
claim,**,중고공통,,
clap,,선택,,
clash,,선택,,
class,*,초등,,"classic, classify"
clause,,선택,,
clay,,선택,,
clean,*,초등,,
clear,*,초등,,clarify
clerk,**,중고공통,,
clever,*,초등,,
click,**,중고공통,,
client,**,중고공통,,
cliff,**,중고공통,,
climate,**,중고공통,,
climb,*,초등,,
cling,,선택,,
clinic,,선택,,
clip,**,중고공통,,
clock,*,초등,,
close,*,초등,,"disclose, enclose"
clothes,*,초등,,
cloud,*,초등,,
club,*,초등,,
clue,**,중고공통,,
cluster,,선택,,
coach,**,중고공통,,
coal,**,중고공통,,
coast,**,중고공통,,
coat,*,초등,,
code,**,중고공통,,
coffee,*,초등,,
coin,**,중고공통,,
coincide,,선택,,
cold,*,초등,,
collaborate,,선택,,
collapse,,선택,,
collar,,선택,,
colleague,,선택,,
collect,*,초등,,
college,*,초등,,
colony,,선택,,
color,*,초등,colour,
column,,선택,,
combat,,선택,,
combine,**,중고공통,,
come,*,초등,,
comedy,**,중고공통,,
comfort,**,중고공통,,comfortable
comic,*,초등,,
command,**,중고공통,,
comment,**,중고공통,,
commerce,**,중고공통,,
commit,,선택,,commission
committee,**,중고공통,,
commodity,,선택,,
common,**,중고공통,,
communicate,**,중고공통,,communication
communist,,선택,,
community,**,중고공통,,
companion,,선택,,
company,*,초등,,
compare,**,중고공통,,
compatible,,선택,,
compel,,선택,,
compensate,,선택,,
compete,,선택,,competent
compile,,선택,,
complain,**,중고공통,,
complement,,선택,,
complete,**,중고공통,,
complex,**,중고공통,,complexity
complicate,**,중고공통,,
component,,선택,,
compose,,선택,,
compound,,선택,,
comprehend,,선택,,comprehensive
comprise,,선택,,
compromise,,선택,,
compute,*,초등,,computer
conceal,,선택,,
conceive,,선택,,
concentrate,**,중고공통,,
concept,**,중고공통,,
concern,**,중고공통,,
concert,**,중고공통,,
conclude,,선택,,
concrete,,선택,,
condemn,,선택,,
condition,*,초등,,
conduct,,선택,,
confer,,선택,,
confess,,선택,,
confide,,선택,,confident
confine,,선택,,
confirm,**,중고공통,,
conflict,**,중고공통,,
conform,,선택,,
confront,,선택,,
confuse,**,중고공통,,
congratulate,*,초등,,
congress,,선택,,
connect,**,중고공통,,
conscience,,선택,,
conscious,**,중고공통,,
consent,,선택,,
conserve,,선택,,
consider,**,중고공통,,
consist,,선택,,consistent
constant,**,중고공통,,
constitute,,선택,,constitution
constrain,,선택,,
construct,,선택,,construction
consult,,선택,,
consume,**,중고공통,,"consumer, consumption"
contact,**,중고공통,,
contain,**,중고공통,,
contemporary,,선택,,
contend,,선택,,
content,**,중고공통,,
contest,**,중고공통,,
context,**,중고공통,,
continent,,선택,,
continue,**,중고공통,,
contract,**,중고공통,,
contradict,,선택,,
contrary,,선택,,
contrast,,선택,,
contribute,**,중고공통,,
control,*,초등,,
controversy,,선택,,
convene,,선택,,"convenient, convention"
converse,**,중고공통,,conversation
convert,,선택,,
convey,,선택,,
convict,,선택,,
convince,**,중고공통,,
cook,*,초등,,
cookie,*,초등,cooky,
cool,*,초등,,
cooperate,,선택,,
coordinate,,선택,,
cop,**,중고공통,,
cope,**,중고공통,,
copy,**,중고공통,,
copyright,,선택,,
cord,,선택,,
core,,선택,,
corn,,선택,,
corner,*,초등,,
corporate,,선택,,corporation
correct,**,중고공통,,
correspond,,선택,,
corridor,,선택,,
corrupt,,선택,,
cost,*,초등,,
costume,,선택,,
cottage,**,중고공통,,
cotton,**,중고공통,,
cough,**,중고공통,,
could,*,초등,,
council,**,중고공통,,
counsel,,선택,,
count,**,중고공통,,"discount, counter"
counterpart,,선택,,
country,*,초등,,
countryside,**,중고공통,,
county,**,중고공통,,
couple,*,초등,,
coupon,,선택,,
courage,,선택,,"discourage, encourage"
course,*,초등,,
court,*,초등,,
cousin,*,초등,,
cover,*,초등,,discover
cow,*,초등,,
crack,**,중고공통,,
craft,,선택,,
crash,**,중고공통,,
crawl,**,중고공통,,
crayon,*,초등,,
craze,,선택,,crazy
cream,*,초등,,
create,**,중고공통,,creature
credible,,선택,,incredible
credit,**,중고공통,,
creep,,선택,,
crew,,선택,,
crime,**,중고공통,,criminal
crisis,**,중고공통,,
crisp,**,중고공통,,
criterion,,선택,,
critic,,선택,,"criticize / criticise, criticism"
crop,,선택,,
cross,*,초등,,
crowd,**,중고공통,,
crown,**,중고공통,,
crucial,,선택,,
cruel,**,중고공통,,
cruise,,선택,,
crush,,선택,,
cry,*,초등,,
crystal,,선택,,
cultivate,,선택,,
culture,*,초등,,
cup,*,초등,,
cure,**,중고공통,,
curious,**,중고공통,,curiosity
curl,**,중고공통,,
currency,,선택,,
current,**,중고공통,,
curriculum,,선택,,
curry,,선택,,
curse,,선택,,
curtain,*,초등,,
curve,,선택,,
custody,,선택,,
custom,,선택,,
customer,*,초등,,
cut,*,초등,,
cute,**,중고공통,,
cycle,**,중고공통,,"recycle, cyclist"
cynical,,선택,,
dairy,,선택,,
damage,**,중고공통,,
damp,,선택,,
dance,*,초등,,
danger,*,초등,,
dare,**,중고공통,,
dark,*,초등,,
darling,**,중고공통,,
dash,,선택,,
database,,선택,,
date,*,초등,,
datum,,선택,,data
daughter,*,초등,,
dawn,**,중고공통,,
day,*,초등,,
dead,*,초등,,
deal,**,중고공통,,
death,*,초등,,
debate,**,중고공통,,
debt,**,중고공통,,
decade,,선택,,
decay,,선택,,
decent,,선택,,
decide,*,초등,,decision
deck,**,중고공통,,
declare,,선택,,
decline,,선택,,declension
decorate,**,중고공통,,
decrease,,선택,,
dedicate,,선택,,
deep,*,초등,,
defeat,,선택,,
defend,,선택,,defendant
defense,**,중고공통,defence,
deficiency,,선택,,
deficit,,선택,,
define,**,중고공통,,
definite,**,중고공통,,
degree,**,중고공통,,
delay,**,중고공통,,
delegate,,선택,,
delete,,선택,,
deliberate,,선택,,
delicate,,선택,,
delicious,*,초등,,
delight,**,중고공통,,
deliver,**,중고공통,,
demand,**,중고공통,,
democracy,,선택,,
democrat,,선택,,
demon,,선택,,
demonstrate,**,중고공통,,
dense,,선택,,
dentist,**,중고공통,,
deny,**,중고공통,,
depart,,선택,,"department, departure"
depend,**,중고공통,,"dependence, independent"
depict,,선택,,
deposit,,선택,,
depress,**,중고공통,,
deprive,,선택,,
derive,,선택,,
descend,,선택,,
describe,**,중고공통,,description
desert,**,중고공통,,
deserve,**,중고공통,,
design,*,초등,,
designate,,선택,,
desire,**,중고공통,,
desk,*,초등,,
despair,,선택,,
desperate,**,중고공통,,
despite,**,중고공통,,
destine,,선택,,destination
destiny,,선택,,
destroy,**,중고공통,,
destruct,,선택,,destruction
detach,,선택,,
detail,**,중고공통,,
detect,**,중고공통,,
determine,**,중고공통,,
develop,**,중고공통,,
device,,선택,,
devil,,선택,,
devise,,선택,,
devote,,선택,,
diabetes,,선택,,
dialogue,*,초등,dialog,
diary,**,중고공통,,
dictate,,선택,,
dictionary,**,중고공통,,
die,*,초등,,
diet,**,중고공통,,
differ,,선택,,different
difficult,*,초등,,
dig,**,중고공통,,
dignity,,선택,,
dimension,,선택,,
diminish,,선택,,
dine,,선택,,
dinner,*,초등,,
dip,,선택,,
diplomat,,선택,,
direct,**,중고공통,,
dirt,**,중고공통,,dirty
disappoint,**,중고공통,,
disaster,,선택,,
disc,**,중고공통,,disk
discipline,**,중고공통,,
discourse,,선택,,
discriminate,,선택,,
discuss,*,초등,,
disgust,**,중고공통,,
dish,**,중고공통,,
dismiss,,선택,,
display,**,중고공통,,
dispute,,선택,,
disrupt,,선택,,
distance,**,중고공통,,
distinct,,선택,,
distinguish,,선택,,
distort,,선택,,
distract,,선택,,
distribute,,선택,,
district,**,중고공통,,
disturb,**,중고공통,,
dive,**,중고공통,,
diverse,,선택,,
divide,**,중고공통,,
divine,,선택,,
divorce,**,중고공통,,
do,*,초등,,
doctor,*,초등,,
document,**,중고공통,,
dog,*,초등,,
doll,*,초등,,
dolphin,**,중고공통,,
domain,,선택,,
domestic,**,중고공통,,
dominate,,선택,,dominant
donate,**,중고공통,,
door,*,초등,,
dose,,선택,,
dot,,선택,,
double,*,초등,,
doubt,**,중고공통,,
doughnut,*,초등,,
down,*,초등,,
dozen,**,중고공통,,
draft,,선택,,
drag,**,중고공통,,
drain,,선택,,
drama,**,중고공통,,
draw,*,초등,,drawer
dread,,선택,,
dream,*,초등,,
dress,*,초등,,
drill,,선택,,
drink,*,초등,,
drive,*,초등,,
drop,*,초등,,
drown,,선택,,
drug,**,중고공통,,
drum,*,초등,,
dry,*,초등,,
dual,,선택,,
duck,*,초등,,
due,**,중고공통,,
dull,,선택,,
dump,**,중고공통,,
during,*,초등,,
dust,**,중고공통,,
duty,**,중고공통,,
dwell,,선택,,
dynamic,,선택,,
each,**,중고공통,,
eager,,선택,,
ear,*,초등,,
early,*,초등,,
earn,**,중고공통,,
earth,*,초등,,
ease,**,중고공통,,"disease, easy"
east,*,초등,,
eat,*,초등,,
economy,**,중고공통,,
edge,**,중고공통,,
edit,**,중고공통,,
educate,**,중고공통,,
effect,**,중고공통,,effective
efficient,,선택,,
effort,**,중고공통,,
egg,*,초등,,
eight,*,초등,,
either,**,중고공통,,
elaborate,,선택,,
elect,**,중고공통,,
electric,**,중고공통,,
electronic,,선택,,
elegant,,선택,,
element,**,중고공통,,elementary
elephant,*,초등,,
elevate,,선택,,elevator
eleven,*,초등,,
eliminate,,선택,,
elite,,선택,,
else,**,중고공통,,
embarrass,**,중고공통,,
embassy,,선택,,
embrace,,선택,,
emerge,,선택,,emergence
emergency,,선택,,
emit,,선택,,emission
emotion,**,중고공통,,
emphasis,,선택,,
emphasize,**,중고공통,,
empire,**,중고공통,,
employ,**,중고공통,,
empty,**,중고공통,,
encounter,,선택,,
end,*,초등,,
endure,,선택,,
enemy,**,중고공통,,
energy,*,초등,,
engage,**,중고공통,,
engine,**,중고공통,,
engineer,**,중고공통,,
enhance,,선택,,
enormous,**,중고공통,,
enough,*,초등,,
enter,*,초등,,
enterprise,,선택,,
entertain,**,중고공통,,
enthusiastic,,선택,,
entire,**,중고공통,,
entry,,선택,,
envelope,**,중고공통,,
environ,,선택,,environment
envy,,선택,,
equal,**,중고공통,,
equip,,선택,,equipment
era,,선택,,
erase,,선택,,eraser
erect,,선택,,
err,,선택,,error
escape,**,중고공통,,
especial,**,중고공통,,especially
essay,**,중고공통,,
essence,,선택,,essential
establish,**,중고공통,,
estate,,선택,,
estimate,**,중고공통,,
ethic,,선택,,ethical
ethnic,,선택,,
evacuate,,선택,,
evaluate,,선택,,
even,**,중고공통,,
evening,*,초등,,
event,**,중고공통,,eventually
ever,**,중고공통,,
every,*,초등,,
evidence,**,중고공통,,
evil,**,중고공통,,
evitable,,선택,,inevitable
evolution,,선택,,
evolve,,선택,,
exact,**,중고공통,,
exaggerate,,선택,,
examine,**,중고공통,,examination / exam
example,*,초등,,
exceed,,선택,,
excel,,선택,,excellent
except,**,중고공통,,
excess,,선택,,
exchange,**,중고공통,,
excite,**,중고공통,,
exclude,,선택,,exclusive
excuse,**,중고공통,,
executive,,선택,,
exercise,*,초등,,
exhaust,**,중고공통,,
exhibit,,선택,,
exist,**,중고공통,,
exit,**,중고공통,,
exotic,,선택,,
expand,**,중고공통,,
expect,**,중고공통,,
expense,**,중고공통,,expensive
experience,**,중고공통,,
experiment,**,중고공통,,
expert,**,중고공통,,
expertise,,선택,,
explain,**,중고공통,,
explicit,,선택,,
explode,,선택,,
explore,,선택,,
export,,선택,,
expose,**,중고공통,,
express,**,중고공통,,
extend,**,중고공통,,
extent,,선택,,
external,,선택,,
extinct,,선택,,
extra,**,중고공통,,
extract,,선택,,
extraordinary,,선택,,
extreme,**,중고공통,,
eye,*,초등,,
eyebrow,,선택,,
fabric,,선택,,
face,*,초등,,
facilitate,,선택,,
facility,,선택,,
fact,*,초등,,factual
factor,**,중고공통,,
factory,**,중고공통,,
faculty,,선택,,
fade,,선택,,
fail,*,초등,,
faint,**,중고공통,,
fair,**,중고공통,,
faith,**,중고공통,,
fall,*,초등,,
false,,선택,,
fame,,선택,,famous
familiar,**,중고공통,,
family,*,초등,,
fan,*,초등,,
fancy,**,중고공통,,
fantastic,**,중고공통,,
far,*,초등,,
fare,,선택,,
farm,*,초등,,
fascinate,**,중고공통,,
fashion,**,중고공통,,
fast,*,초등,,
fasten,,선택,,
fat,*,초등,,
fate,,선택,,fatal
father,*,초등,,"dad, daddy"
fault,**,중고공통,,
favor,**,중고공통,favour,
favorite,*,초등,favourite,
fear,**,중고공통,,
feature,**,중고공통,,
federal,,선택,,
fee,**,중고공통,,
feed,**,중고공통,,
feel,*,초등,,
fellow,**,중고공통,,
female,**,중고공통,,
fence,**,중고공통,,
ferry,,선택,,
fertile,,선택,,
festival,*,초등,,
fever,**,중고공통,,
few,**,중고공통,,
fiber,,선택,fibre,
fiction,,선택,,
field,*,초등,,
fierce,,선택,,
fight,*,초등,,
figure,**,중고공통,,
file,*,초등,,
fill,*,초등,,
film,*,초등,,
filter,,선택,,
final,**,중고공통,,
finance,**,중고공통,,
find,*,초등,,
fine,*,초등,,
finger,*,초등,,
finish,*,초등,,
finite,,선택,,
fire,*,초등,,
firm,**,중고공통,,
first,*,초등,,
fish,*,초등,,
fit,**,중고공통,,
five,*,초등,,
fix,*,초등,,
flag,**,중고공통,,
flame,**,중고공통,,
flash,**,중고공통,,
flat,**,중고공통,,
flavor,,선택,flavour,
flaw,,선택,,
flee,,선택,,
flesh,,선택,,
flexible,,선택,,
flight,**,중고공통,,
flip,,선택,,
float,**,중고공통,,
flock,,선택,,
flood,**,중고공통,,
floor,*,초등,,
flourish,,선택,,
flow,**,중고공통,,
flower,*,초등,,
flush,,선택,,
fly,*,초등,,
focus,*,초등,,
fog,**,중고공통,,
fold,**,중고공통,,
folk,**,중고공통,,
follow,**,중고공통,,
fond,,선택,,
food,*,초등,,
fool,*,초등,,
foot,*,초등,,
football,*,초등,,
for,*,초등,,
forbid,,선택,,
force,**,중고공통,,enforce
forecast,,선택,,
forehead,,선택,,
foreign,**,중고공통,,
forest,*,초등,,
forever,**,중고공통,,
forget,*,초등,,
forgive,**,중고공통,,
fork,*,초등,,
form,*,초등,,"formal, formation, informal"
format,,선택,,
former,,선택,,
formula,,선택,,
forth,**,중고공통,,
fortunate,**,중고공통,,
fortune,**,중고공통,,
forward,**,중고공통,,
foster,,선택,,
found,**,중고공통,,foundation
fountain,,선택,,
four,*,초등,,
fox,*,초등,,
fraction,,선택,,
frame,**,중고공통,,
framework,,선택,,
frankly,**,중고공통,,
free,*,초등,,
freeze,**,중고공통,,
frequent,,선택,,
fresh,*,초등,,
friend,*,초등,,friendship
fright,**,중고공통,,
frog,**,중고공통,,
from,*,초등,,
front,*,초등,,
frost,,선택,,
frown,,선택,,
fruit,*,초등,,
frustrate,**,중고공통,,
fry,**,중고공통,,
fuel,,선택,,
fulfil,,선택,,
full,*,초등,,
fun,*,초등,,
function,**,중고공통,,
fund,**,중고공통,,
fundamental,,선택,,
funeral,,선택,,
fur,**,중고공통,,
furnish,,선택,,
furniture,**,중고공통,,
furthermore,,선택,,
fury,,선택,,furious
fuse,,선택,,
future,*,초등,,
gain,**,중고공통,,
gallery,,선택,,
gamble,,선택,,
game,*,초등,,
gang,,선택,,
gap,,선택,,
garage,**,중고공통,,
garden,*,초등,,
gas,*,초등,,
gasoline,,선택,petrol,
gate,**,중고공통,,
gather,**,중고공통,,
gaze,,선택,,
gear,**,중고공통,,
gender,,선택,,
gene,,선택,,genetic
general,**,중고공통,,
generate,,선택,,generation
generous,,선택,,
genius,,선택,,
gentle,**,중고공통,,
gentleman,*,초등,,
genuine,,선택,,
geography,,선택,,
geology,,선택,,
gesture,**,중고공통,,
get,*,초등,,
ghost,**,중고공통,,
giant,**,중고공통,,
gift,**,중고공통,,
giraffe,**,중고공통,,
girl,*,초등,,
give,*,초등,,
glad,*,초등,,
glance,**,중고공통,,
glare,,선택,,
glass,*,초등,,
globe,,선택,,global
glory,**,중고공통,,
glove,**,중고공통,,
glow,,선택,,
glue,**,중고공통,,
go,*,초등,,
goal,*,초등,,
goat,,선택,,
god,*,초등,,
gold,*,초등,,
golf,**,중고공통,,
good,*,초등,,goods
goodbye,*,초등,,bye
gorgeous,**,중고공통,,
govern,**,중고공통,,government
grab,**,중고공통,,
grace,**,중고공통,,
grade,**,중고공통,,gradual
graduate,,선택,,
grain,,선택,,
grand,**,중고공통,,
grandfather,*,초등,,
grant,**,중고공통,,
grape,*,초등,,
graph,**,중고공통,,graphic
grasp,,선택,,
grass,*,초등,,
grateful,,선택,,
grave,,선택,,
gray,*,초등,grey,
great,*,초등,,
greed,,선택,,
green,*,초등,,
greet,**,중고공통,,
grief,,선택,,
grip,,선택,,
grocery,**,중고공통,,
gross,,선택,,
ground,*,초등,,
group,*,초등,,
grow,*,초등,,
guarantee,**,중고공통,,
guard,**,중고공통,,
guardian,,선택,,
guess,*,초등,,
guest,**,중고공통,,
guide,**,중고공통,,
guideline,,선택,,
guilt,**,중고공통,,guilty
guitar,*,초등,,
gulf,,선택,,
gum,*,초등,,
gun,**,중고공통,,
guy,*,초등,,
gymnasium,,선택,gym,
habit,*,초등,,
habitat,,선택,,
hair,*,초등,,
half,**,중고공통,,
hall,**,중고공통,,
halt,,선택,,
hamburger,*,초등,,
hammer,,선택,,
hand,*,초등,,
handicap,,선택,,
handle,**,중고공통,,
handsome,**,중고공통,,
hang,*,초등,,
happen,**,중고공통,,
happy,*,초등,,
harbor,,선택,harbour,
hard,*,초등,,hardly
harm,**,중고공통,,
harmony,,선택,,harmonious
harsh,,선택,,
harvest,,선택,,
hat,*,초등,,
hate,*,초등,,
haunt,,선택,,
have,*,초등,,
hazard,,선택,,
he,*,초등,,
head,*,초등,,
headquarters,,선택,,
heal,,선택,,
health,**,중고공통,,healthy
hear,**,중고공통,,
heart,*,초등,,
heat,*,초등,,
heaven,**,중고공통,,
heavy,*,초등,,
heel,,선택,,
height,**,중고공통,,
heir,,선택,,
helicopter,**,중고공통,,
hell,**,중고공통,,
hello,*,초등,hey / hi,
helmet,*,초등,,
help,*,초등,,
hence,,선택,,
here,*,초등,,
heritage,,선택,,
hero,*,초등,,
hesitate,**,중고공통,,
hide,**,중고공통,,
hierarchy,,선택,,
high,*,초등,,
highlight,,선택,,
highway,**,중고공통,,
hike,*,초등,,
hill,*,초등,,
hint,**,중고공통,,
hire,**,중고공통,,
history,*,초등,,
hit,*,초등,,
hobby,*,초등,,
hold,*,초등,,
hole,**,중고공통,,
holiday,*,초등,,
holy,,선택,,
home,*,초등,,
homework,*,초등,,
honest,*,초등,,
honey,**,중고공통,,
honor,**,중고공통,honour,
hook,,선택,,
hope,*,초등,,
horizon,,선택,,
horror,,선택,,
horse,*,초등,,
hospital,*,초등,,
host,,선택,,
hostile,,선택,,
hot,*,초등,,
hotel,**,중고공통,,
hour,*,초등,,
house,*,초등,,
household,,선택,,
how,*,초등,,
however,*,초등,,
hug,**,중고공통,,
huge,**,중고공통,,
human,*,초등,,
humor,**,중고공통,humour,
hundred,*,초등,,
hunger,**,중고공통,,hungry
hunt,*,초등,,
hurry,*,초등,,
hurt,**,중고공통,,
husband,*,초등,,
hut,,선택,,
hypothesis,,선택,,
I,*,초등,,
ice,*,초등,,
idea,*,초등,,
ideal,,선택,,
identical,,선택,,
identity,**,중고공통,,identify
ideology,,선택,,
if,*,초등,,
ignore,**,중고공통,,
ill,**,중고공통,,
illude,,선택,,illusion
illustrate,**,중고공통,,
image,*,초등,,
imagine,**,중고공통,,
imitate,,선택,,
immediate,**,중고공통,,
immense,,선택,,
immigrate,,선택,,
immune,,선택,,
impact,,선택,,
imperial,,선택,,
implement,,선택,,
imply,,선택,,
import,,선택,,"importance, important"
impose,,선택,,
impress,**,중고공통,,
improve,**,중고공통,,
in,*,초등,,
incentive,,선택,,
incident,,선택,,
incline,,선택,,
include,**,중고공통,,
income,**,중고공통,,
incorporate,,선택,,
increase,**,중고공통,,
indeed,**,중고공통,,
index,,선택,,
indicate,**,중고공통,,
individual,**,중고공통,,
induce,,선택,,
industry,**,중고공통,,
infant,,선택,,
infect,,선택,,
infer,,선택,,inference
inflate,,선택,,
influence,**,중고공통,,
inform,**,중고공통,,
ingredient,,선택,,
inhabit,,선택,,
inherent,,선택,,
inhibit,,선택,,
initial,,선택,,
inject,,선택,,
injure,**,중고공통,,
inn,,선택,,
innocent,**,중고공통,,
innovate,,선택,,
input,,선택,,
inquire,,선택,enquire,
insect,,선택,,
insert,,선택,,
inside,*,초등,,
insight,,선택,,
insist,**,중고공통,,
inspect,**,중고공통,,
inspire,,선택,,
install,,선택,,
instance,**,중고공통,,
instant,**,중고공통,,
instead,**,중고공통,,
instinct,,선택,,
institute,,선택,,institution
instruct,**,중고공통,,
instrument,**,중고공통,,
insult,,선택,,
insure,**,중고공통,,insurance
integrate,,선택,,
intellect,,선택,,intellectual
intelligent,,선택,,
intend,**,중고공통,,
intense,**,중고공통,,
intent,**,중고공통,,intention
interest,**,중고공통,,
interfere,,선택,,
interior,,선택,,
intermediate,,선택,,
internal,**,중고공통,,
internet,*,초등,,
interpret,,선택,,
interrupt,**,중고공통,,
interval,,선택,,
intervene,,선택,,
intimate,,선택,,
into,*,초등,,
intrigue,,선택,,
introduce,*,초등,,
invade,,선택,,
invent,**,중고공통,,inventor
invest,**,중고공통,,
investigate,**,중고공통,,
invite,*,초등,,
involve,**,중고공통,,
iron,**,중고공통,,
irony,,선택,,
irritate,,선택,,
island,**,중고공통,,
isolate,,선택,,
issue,*,초등,,
it,*,초등,,
item,**,중고공통,,
jacket,*,초등,,
jail,,선택,,
jam,*,초등,,
jar,,선택,,
jaw,**,중고공통,,
jeans,**,중고공통,,
job,*,초등,,
jog,,선택,,
join,*,초등,,
joint,,선택,,
joke,**,중고공통,,
journal,,선택,,
journey,**,중고공통,,
joy,**,중고공통,,enjoy
judge,**,중고공통,,
juice,*,초등,,
jump,*,초등,,
junior,**,중고공통,,
jury,,선택,,
just,*,초등,,
justice,**,중고공통,,
keen,,선택,,
keep,*,초등,,
key,*,초등,,
kick,*,초등,,
kid,*,초등,,
kill,*,초등,,
kind,*,초등,,
king,*,초등,,
kiss,*,초등,,
kit,,선택,,
kitchen,*,초등,,
knee,**,중고공통,,
knife,*,초등,,
knight,,선택,,
knock,**,중고공통,,
knot,,선택,,
know,*,초등,,
knowledge,**,중고공통,,
label,**,중고공통,,
labor,**,중고공통,labour,
laboratory,**,중고공통,lab,
lack,**,중고공통,,
ladder,,선택,,
lady,*,초등,,
lake,*,초등,,
lamb,**,중고공통,,
lamp,**,중고공통,,
land,*,초등,,
landscape,,선택,,
lane,**,중고공통,,
language,**,중고공통,,
lap,,선택,,
large,*,초등,,
laser,*,초등,,
last,*,초등,,
late,*,초등,,
latter,,선택,,
laugh,**,중고공통,,
launch,,선택,,
laundry,,선택,,
law,**,중고공통,,
lawn,**,중고공통,,
lawyer,**,중고공통,,
lay,**,중고공통,,layer
lazy,*,초등,,
lead,**,중고공통,,
leaf,**,중고공통,,
league,**,중고공통,,
leak,,선택,,
lean,**,중고공통,,
leap,**,중고공통,,
learn,*,초등,,
lease,,선택,,
leather,,선택,,
leave,**,중고공통,,
lecture,,선택,,
left,*,초등,,
leg,*,초등,,
legal,**,중고공통,,
legend,,선택,,
legislate,,선택,,
legitimate,,선택,,
leisure,,선택,,
lemon,**,중고공통,,
lend,**,중고공통,,
lesson,*,초등,,
let,**,중고공통,,
letter,*,초등,,literal
level,**,중고공통,,
liberal,,선택,,
liberty,,선택,,
library,*,초등,,
license,**,중고공통,licence,
lid,**,중고공통,,
lie,*,초등,,
life,*,초등,,
lift,**,중고공통,,
light,*,초등,,
like,*,초등,,likely
likewise,,선택,,
limit,**,중고공통,,
line,*,초등,,
linguistic,,선택,,
link,**,중고공통,,
lion,*,초등,,
lip,*,초등,,
liquid,,선택,,
list,**,중고공통,,
listen,*,초등,,
literature,,선택,,
little,*,초등,,
live,*,초등,,
livingroom,**,중고공통,,
load,**,중고공통,,
loan,**,중고공통,,
local,**,중고공통,,
locate,**,중고공통,,
lock,**,중고공통,,
log,**,중고공통,,
logic,,선택,,
lone,,선택,,
long,*,초등,,
look,*,초등,,
loose,**,중고공통,,
lose,**,중고공통,,
loss,**,중고공통,,
lot,**,중고공통,,
loud,**,중고공통,,
love,*,초등,,
low,*,초등,,
loyal,,선택,,
luck,*,초등,,
lump,,선택,,
lunch,*,초등,,
luxury,,선택,,
machine,**,중고공통,,
mad,*,초등,,
magazine,**,중고공통,,
magic,**,중고공통,,
magnet,,선택,,
magnificent,,선택,,
mail,*,초등,,
main,**,중고공통,,
maintain,**,중고공통,,
major,**,중고공통,,majority
make,*,초등,,
male,**,중고공통,,
man,*,초등,,
manage,**,중고공통,,
manifest,,선택,,
manipulate,,선택,,
manner,**,중고공통,,
manufacture,**,중고공통,,
many,*,초등,,
map,*,초등,,
marathon,*,초등,,
margin,,선택,,
marine,,선택,,
mark,**,중고공통,,
market,*,초등,,
marry,*,초등,,
marvel,**,중고공통,,
mask,**,중고공통,,
mass,**,중고공통,,
master,**,중고공통,,
match,**,중고공통,,
mate,**,중고공통,,
mathematics,*,초등,maths / ,
math,*,초등,,
matter,**,중고공통,,material
mature,,선택,,
maximum,**,중고공통,,
may,*,초등,,
maybe,**,중고공통,,
mayor,,선택,,
meal,**,중고공통,,
mean,**,중고공통,,
meanwhile,,선택,,
measure,**,중고공통,,
meat,*,초등,,
mechanic,,선택,,
mechanism,,선택,,
medal,*,초등,,
mediate,,선택,,
medical,**,중고공통,,
medicine,**,중고공통,,
medieval,,선택,,
medium,,선택,,media
meet,*,초등,,
melon,**,중고공통,,
melt,**,중고공통,,
member,*,초등,,membership
memory,*,초등,,
mental,**,중고공통,,
mention,**,중고공통,,
menu,**,중고공통,,
merchant,,선택,,
mere,,선택,,
merge,,선택,,
merit,,선택,,
mess,**,중고공통,,
message,**,중고공통,,
metal,**,중고공통,,
method,**,중고공통,,
metropolitan,,선택,,
microphone,,선택,,
microwave,**,중고공통,,
middle,*,초등,,
might,*,초등,,
migrate,,선택,,migrant
mild,,선택,,
military,**,중고공통,,
milk,*,초등,,
mill,**,중고공통,,
million,,선택,,
mind,*,초등,,
mine,,선택,,miner
mineral,,선택,,
minimal,,선택,,
minimum,,선택,,
ministry,,선택,,
minor,**,중고공통,,
minute,**,중고공통,,
miracle,,선택,,
mirror,**,중고공통,,
miss,*,초등,,
missile,,선택,,
mission,**,중고공통,,
mix,**,중고공통,,
mobile,,선택,,
mock,,선택,,
mode,,선택,,
modify,,선택,,
model,*,초등,,
moderate,,선택,,
modern,**,중고공통,,
modest,,선택,,
moist,,선택,,moisture
molecule,,선택,,
moment,**,중고공통,,
money,*,초등,,
monitor,**,중고공통,,
monkey,*,초등,,
monster,,선택,,
month,*,초등,,
monument,,선택,,
mood,**,중고공통,,
moon,*,초등,,half­moon
moral,**,중고공통,,
moreover,**,중고공통,,
morning,*,초등,,
mortal,,선택,,
mother,*,초등,,"mom, mommy"
motion,**,중고공통,,
motive,,선택,,
motor,**,중고공통,,
mount,**,중고공통,,
mountain,*,초등,,
mouse,*,초등,,
mouth,*,초등,,
move,*,초등,,
movie,*,초등,,
much,*,초등,,
mud,**,중고공통,,
multiple,,선택,,
murder,,선택,,
muscle,**,중고공통,,
museum,**,중고공통,,
mushroom,**,중고공통,,
music,*,초등,,
must,*,초등,,
mutual,,선택,,
mystery,**,중고공통,,
myth,,선택,,
nail,**,중고공통,,
naive,,선택,,
naked,,선택,,
name,*,초등,,
narrate,,선택,,
narrow,**,중고공통,,
nasty,,선택,,
nation,*,초등,,international
native,**,중고공통,,
nature,*,초등,,
navy,**,중고공통,,
near,*,초등,,
neat,**,중고공통,,
necessary,**,중고공통,,
neck,*,초등,,
need,*,초등,,
needle,,선택,,
negate,,선택,,negative
neglect,,선택,,
negotiate,,선택,,
neighbor,**,중고공통,neighbour,
neither,**,중고공통,,
nephew,,선택,,
nerve,**,중고공통,,nervous
nest,**,중고공통,,
net,**,중고공통,,
network,,선택,,
neutral,,선택,,
never,*,초등,,
nevertheless,,선택,,
new,*,초등,,
news,*,초등,,
newspaper,*,초등,,
next,*,초등,,
nice,*,초등,,
night,*,초등,,
nightmare,,선택,,
nine,*,초등,,
no,*,초등,nope / nay,
noble,,선택,,
nod,,선택,,
noise,**,중고공통,,
nominate,,선택,,
none,**,중고공통,,
nonetheless,,선택,,
noon,**,중고공통,,
nor,**,중고공통,,
norm,,선택,,normal
north,*,초등,,
nose,*,초등,,
not,*,초등,,
note,*,초등,,notion
notebook,*,초등,,
nothing,*,초등,,
notice,**,중고공통,,
novel,,선택,,
now,*,초등,,
nowadays,**,중고공통,,
nowhere,**,중고공통,,
nuclear,,선택,,
number,*,초등,,
numerous,,선택,,
nurse,*,초등,,
nut,**,중고공통,,
oak,**,중고공통,,
obey,,선택,,
object,**,중고공통,,objective
oblige,,선택,,
observe,**,중고공통,,
obsess,,선택,,
obtain,,선택,,
obvious,**,중고공통,,
occasion,**,중고공통,,
occupy,,선택,,occupation
occur,**,중고공통,,occurrence
ocean,**,중고공통,,
odd,**,중고공통,,
of,*,초등,,
off,*,초등,,
offend,,선택,,
offer,**,중고공통,,
office,*,초등,,official
officer,**,중고공통,,
often,*,초등,,
oil,*,초등,,
okay,*,초등,okey / OK,
old,*,초등,,
on,*,초등,,
once,**,중고공통,,
one,*,초등,,
only,*,초등,,
open,*,초등,,
opera,**,중고공통,,
operate,**,중고공통,,
opinion,**,중고공통,,
opportune,,선택,,opportunity
oppose,**,중고공통,,
opt,,선택,,option
optimist,,선택,,
or,*,초등,,
oral,,선택,,
orange,*,초등,,
orbit,,선택,,
orchestra,,선택,,
order,**,중고공통,,disorder
ordinary,**,중고공통,,
organ,,선택,,"organic, organize / organise"
orient,,선택,,orientation
origin,,선택,,original
other,**,중고공통,,
otherwise,**,중고공통,,
ought,**,중고공통,,
out,*,초등,,
outcome,,선택,,
outline,,선택,,
output,,선택,,
outrage,,선택,,
outstanding,,선택,,
oven,**,중고공통,,
over,*,초등,,
overall,**,중고공통,,
overcome,,선택,,
overhead,,선택,,
overlap,,선택,,
overlook,,선택,,
overnight,,선택,,
oversea,,선택,overseas,
overwhelm,,선택,,
owe,,선택,,
own,**,중고공통,,
pace,,선택,,
pack,**,중고공통,,
pad,,선택,,
page,*,초등,,
pain,**,중고공통,,
paint,*,초등,,
pair,**,중고공통,,
palace,**,중고공통,,
pale,,선택,,
palm,,선택,,
pan,**,중고공통,,
panel,,선택,,
panic,**,중고공통,,
pants,*,초등,,
paper,*,초등,,
parade,**,중고공통,,
paragraph,**,중고공통,,
parallel,,선택,,
pardon,**,중고공통,,
parent,*,초등,,
park,*,초등,,
parliament,,선택,,
part,*,초등,,
participate,,선택,,
particle,,선택,,
particular,**,중고공통,,particularly
partner,*,초등,,
party,*,초등,,
pass,*,초등,,
passage,,선택,,
passenger,,선택,,
passion,,선택,,
passport,,선택,,
past,**,중고공통,,
pat,,선택,,
patch,,선택,,
patent,,선택,,
path,**,중고공통,,
patient,**,중고공통,,
pattern,**,중고공통,,
pause,**,중고공통,,
pave,,선택,,
pay,*,초등,,
peace,**,중고공통,,peaceful
peak,,선택,,
pear,**,중고공통,,
peasant,,선택,,
peel,,선택,,
peer,,선택,,
pen,*,초등,,
penalty,,선택,,
pencil,*,초등,,
people,*,초등,,
pepper,**,중고공통,,
per,**,중고공통,,
perceive,,선택,,perception
perfect,**,중고공통,,
perform,**,중고공통,,
perhaps,**,중고공통,,
period,**,중고공통,,
permanent,,선택,,
permit,,선택,,
persist,,선택,,
person,**,중고공통,,personality
perspective,,선택,,
persuade,,선택,,
pet,**,중고공통,,
phase,,선택,,
phenomenon,,선택,,
philosophy,,선택,,
photograph,**,중고공통,photo,
phrase,,선택,,
physical,**,중고공통,,
physics,,선택,,
piano,*,초등,,
pick,*,초등,,
picnic,**,중고공통,,
picture,*,초등,,
pie,**,중고공통,,
piece,**,중고공통,,
pig,*,초등,,
pile,**,중고공통,,
pill,,선택,,
pilot,*,초등,,
pin,**,중고공통,,
pinch,,선택,,
pine,**,중고공통,,
pink,*,초등,,
pioneer,,선택,,
pipe,**,중고공통,,
pitch,**,중고공통,,
pity,**,중고공통,,
pizza,*,초등,,
place,*,초등,,displace
plain,**,중고공통,,
plan,*,초등,,
plane,**,중고공통,,
planet,**,중고공통,,
plant,**,중고공통,,
plastic,*,초등,,
plate,**,중고공통,,
platform,,선택,,
play,*,초등,,
please,*,초등,,"pleasant, pleasure"
plenty,**,중고공통,,
plot,,선택,,
plus,**,중고공통,,
pocket,**,중고공통,,
poem,**,중고공통,,
poet,**,중고공통,,
point,*,초등,,
poison,**,중고공통,,
pole,**,중고공통,,polar
police,*,초등,,
policy,**,중고공통,,
polish,,선택,,
polite,**,중고공통,,
politics,**,중고공통,,
poll,,선택,,
pollute,**,중고공통,,
pond,,선택,,
pool,**,중고공통,,
poor,*,초등,,
pop,**,중고공통,,
popular,**,중고공통,,
populate,,선택,,population
pork,**,중고공통,,
port,**,중고공통,,
portion,,선택,,
portrait,,선택,,
pose,,선택,,dispose
posit,,선택,,"position, positive"
possess,**,중고공통,,
possible,**,중고공통,,
post,**,중고공통,,poster
pot,**,중고공통,,
potato,*,초등,,
potential,**,중고공통,,
pour,**,중고공통,,
powder,**,중고공통,,
power,*,초등,,
practical,**,중고공통,,
practice,**,중고공통,practise,
praise,,선택,,
pray,**,중고공통,,
preach,,선택,,
precede,,선택,,unprecedented
precise,,선택,,
predator,,선택,,
predict,,선택,,
prefer,**,중고공통,,
pregnant,**,중고공통,,
prejudice,,선택,,
premium,,선택,,
prepare,**,중고공통,,
prescribe,,선택,,
presence,**,중고공통,,
present,*,초등,,
preserve,,선택,,
preside,,선택,,president
press,**,중고공통,,
presume,,선택,,
pretend,**,중고공통,,
pretty,*,초등,,
prevail,,선택,,
prevent,**,중고공통,,
previous,**,중고공통,,
prey,,선택,,
price,**,중고공통,,
pride,**,중고공통,,
priest,,선택,,
prime,**,중고공통,,primary
primitive,,선택,,
prince,*,초등,,
principal,,선택,,
principle,**,중고공통,,
print,*,초등,,
prior,,선택,,
prison,**,중고공통,,
privacy,**,중고공통,,
private,**,중고공통,,
privilege,,선택,,
prize,**,중고공통,,
probable,**,중고공통,,probably
problem,*,초등,,
proceed,**,중고공통,,procedure
process,**,중고공통,,
produce,**,중고공통,,
profession,**,중고공통,,
professor,,선택,,
profile,,선택,,
profit,**,중고공통,,
profound,,선택,,
program,*,초등,programme,programmatic
progress,**,중고공통,,
prohibit,,선택,,
project,*,초등,,
prominent,,선택,,
promise,**,중고공통,,
promote,**,중고공통,,
prompt,,선택,,
pronounce,**,중고공통,,pronunciation
proof,,선택,,
proper,**,중고공통,,
property,**,중고공통,,
proportion,,선택,,
propose,**,중고공통,,
prospect,,선택,,
prosper,,선택,,
protect,**,중고공통,,
protein,,선택,,
protest,**,중고공통,,
proud,**,중고공통,,
prove,**,중고공통,,
provide,**,중고공통,,
province,,선택,,
provoke,,선택,,
psychology,,선택,,
pub,**,중고공통,,
public,**,중고공통,,
publish,,선택,,publisher
pull,**,중고공통,,
pump,**,중고공통,,
punch,**,중고공통,,
punish,**,중고공통,,
pupil,,선택,,
puppy,*,초등,,
purchase,**,중고공통,,
pure,**,중고공통,,
purple,**,중고공통,,
purpose,**,중고공통,,
pursue,,선택,,
push,*,초등,,
put,*,초등,,
puzzle,**,중고공통,,
quality,**,중고공통,,qualify
quantity,,선택,,
quarter,**,중고공통,,
queen,*,초등,,
question,*,초등,,
questionnaire,,선택,,
quick,*,초등,,
quiet,*,초등,,
quit,**,중고공통,,
quite,**,중고공통,,
quiz,*,초등,,
quote,**,중고공통,,
rabbit,*,초등,,
race,*,초등,,racial
radio,*,초등,,
rage,,선택,,
rail,**,중고공통,,
rain,*,초등,,
rainbow,**,중고공통,,
raise,**,중고공통,,
rally,,선택,,
random,,선택,,
range,**,중고공통,,
rank,,선택,,
rapid,**,중고공통,,
rare,**,중고공통,,
rat,**,중고공통,,
rate,**,중고공통,,
rather,**,중고공통,,
rational,,선택,,
raw,,선택,,
reach,**,중고공통,,
react,**,중고공통,,
read,*,초등,,
ready,*,초등,,
real,**,중고공통,,realize / realise
rear,,선택,,
reason,**,중고공통,,reasonable
rebel,,선택,,
receipt,,선택,,
receive,**,중고공통,,reception
recent,**,중고공통,,
recipe,**,중고공통,,
recognize,**,중고공통,,
recommend,**,중고공통,,
record,**,중고공통,,
recover,**,중고공통,,
recreation,*,초등,,
recruit,,선택,,
red,*,초등,,
reduce,**,중고공통,,
refer,**,중고공통,,
refine,,선택,,
reflect,**,중고공통,,
reform,,선택,,
refrigerate,,선택,,refrigerator
refuse,**,중고공통,,
regard,**,중고공통,,
region,**,중고공통,,
register,**,중고공통,,
regret,,선택,,
regular,**,중고공통,,
regulate,,선택,,
reinforce,,선택,,
reject,,선택,,
relate,**,중고공통,,"relative, relation, relationship"
relax,**,중고공통,,
release,**,중고공통,,
relevant,,선택,,
relief,**,중고공통,,
relieve,,선택,,
religion,,선택,,
reluctant,,선택,,
rely,**,중고공통,,
remain,**,중고공통,,
remark,**,중고공통,,
remedy,,선택,,
remember,*,초등,,
remind,**,중고공통,,
remote,,선택,,
remove,**,중고공통,,
rent,**,중고공통,,
repair,**,중고공통,,
repeat,**,중고공통,,
replace,**,중고공통,,
reply,**,중고공통,,
report,**,중고공통,,
represent,**,중고공통,,
republic,,선택,,
reputation,,선택,,
request,**,중고공통,,
require,**,중고공통,,
rescue,,선택,,
research,**,중고공통,,
resemble,,선택,,
reserve,**,중고공통,,
reside,,선택,,resident
resign,,선택,,
resist,**,중고공통,,
resolve,,선택,,
resort,,선택,,
resource,**,중고공통,,
respect,**,중고공통,,respective
respond,**,중고공통,,
responsible,**,중고공통,,
rest,**,중고공통,,
restaurant,*,초등,,
restore,,선택,,
restrain,,선택,,
restrict,,선택,,
restroom,*,초등,,
result,**,중고공통,,
resume,,선택,,
retail,,선택,,
retain,,선택,,
retire,**,중고공통,,
retreat,,선택,,
return,*,초등,,
reveal,,선택,,
revenge,,선택,,
reverse,,선택,,
revise,,선택,,
revive,,선택,,
revolution,,선택,,
reward,,선택,,
rhythm,,선택,,
ribbon,*,초등,,
rice,**,중고공통,,
rich,*,초등,,
rid,,선택,,
ride,**,중고공통,,
ridicule,,선택,,ridiculous
right,*,초등,,
ring,*,초등,,
riot,,선택,,
rise,**,중고공통,,
risk,**,중고공통,,
rival,,선택,,
river,*,초등,,
road,*,초등,,
roar,,선택,,
roast,,선택,,
rob,**,중고공통,,
robot,*,초등,,
rock,*,초등,,
rocket,**,중고공통,,
rod,,선택,,
role,**,중고공통,,
roll,**,중고공통,,enroll / enrol
romantic,,선택,,
roof,**,중고공통,,
room,*,초등,,
root,**,중고공통,,
rope,**,중고공통,,
rose,*,초등,,
rot,,선택,,
rough,**,중고공통,,
round,**,중고공통,,
route,**,중고공통,,
routine,,선택,,
row,**,중고공통,,
royal,**,중고공통,,
rub,**,중고공통,,rubber
rude,**,중고공통,,
ruin,**,중고공통,,
rule,**,중고공통,,
rumor,,선택,rumour,
run,*,초등,,
rural,,선택,,
rush,**,중고공통,,
sack,,선택,,
sacred,,선택,,
sacrifice,,선택,,
sad,*,초등,,
safe,*,초등,,
sail,**,중고공통,,
salad,*,초등,,
salary,**,중고공통,,
sale,*,초등,,
salt,*,초등,,
same,*,초등,,
sample,**,중고공통,,
sand,*,초등,,
sandwich,*,초등,,
satellite,,선택,,
satisfy,**,중고공통,,
sauce,**,중고공통,,
save,*,초등,,
say,*,초등,,
scale,**,중고공통,,
scan,,선택,,
scandal,,선택,,
scarce,,선택,,
scare,**,중고공통,,
scarf,**,중고공통,,
scatter,,선택,,
scene,**,중고공통,,
schedule,**,중고공통,,
scheme,,선택,,
scholar,,선택,,
school,*,초등,,
science,*,초등,,
scissors,*,초등,,
scope,,선택,,
score,*,초등,,
scramble,,선택,,
scratch,**,중고공통,,
scream,**,중고공통,,
screen,**,중고공통,,
screw,,선택,,
sculpt,,선택,,sculpture
sea,*,초등,,
seal,**,중고공통,,
search,**,중고공통,,
season,*,초등,,
seat,**,중고공통,,
second,*,초등,,secondary
secret,**,중고공통,,
secretary,**,중고공통,,
section,**,중고공통,,
sector,,선택,,
secure,**,중고공통,,
see,*,초등,,
seed,**,중고공통,,
seek,**,중고공통,,
seem,**,중고공통,,
seize,,선택,,
select,**,중고공통,,
self,**,중고공통,,
sell,*,초등,,
send,*,초등,,
senior,**,중고공통,,
sense,**,중고공통,,sensation
sensible,,선택,,
sentence,**,중고공통,,
sentiment,,선택,,
separate,**,중고공통,,
sequence,,선택,,
series,**,중고공통,,
serious,**,중고공통,,
serve,**,중고공통,,
service,*,초등,,
session,**,중고공통,,
set,*,초등,,
settle,**,중고공통,,
seven,*,초등,,
several,**,중고공통,,
severe,,선택,,
sew,**,중고공통,,
sex,**,중고공통,,
shade,**,중고공통,,
shadow,**,중고공통,,
shake,**,중고공통,,
shall,**,중고공통,,
shallow,,선택,,
shame,**,중고공통,,
shape,**,중고공통,,
share,**,중고공통,,
sharp,**,중고공통,,
shave,**,중고공통,,
she,*,초등,,
sheep,**,중고공통,,
sheet,**,중고공통,,
shelf,**,중고공통,,
shell,**,중고공통,,
shelter,**,중고공통,,
shift,**,중고공통,,
shine,**,중고공통,,
ship,*,초등,,
shirt,*,초등,,
shock,**,중고공통,,
shoe,*,초등,,
shoot,**,중고공통,,
shop,*,초등,,
shore,**,중고공통,,
short,*,초등,,
should,*,초등,,
shoulder,**,중고공통,,
shout,**,중고공통,,
show,*,초등,,
shower,**,중고공통,,
shut,**,중고공통,,
shy,*,초등,,
sick,*,초등,,
side,*,초등,,
sigh,,선택,,
sight,**,중고공통,,
sign,**,중고공통,,significant
silent,,선택,,
silly,**,중고공통,,
silver,**,중고공통,,
similar,**,중고공통,,
simple,**,중고공통,,
simulate,,선택,,
simultaneous,,선택,,
sin,,선택,,
since,**,중고공통,,
sing,*,초등,,
single,**,중고공통,,
sink,**,중고공통,,
sister,*,초등,,
sit,*,초등,,
site,**,중고공통,,
situate,**,중고공통,,situation
six,*,초등,,
size,*,초등,,
skate,*,초등,,
ski,*,초등,,
skill,**,중고공통,,
skin,*,초등,,
skip,,선택,,
skirt,*,초등,,
sky,*,초등,,
slave,**,중고공통,,
sleep,*,초등,,
slice,,선택,,
slide,**,중고공통,,
slight,**,중고공통,,
slim,,선택,,
slip,**,중고공통,,
slope,,선택,,
slow,*,초등,,
small,*,초등,,
smart,**,중고공통,,
smash,**,중고공통,,
smell,*,초등,,
smile,*,초등,,
smoke,**,중고공통,,
smooth,**,중고공통,,
snack,**,중고공통,,
snake,**,중고공통,,
snap,**,중고공통,,
sneak,,선택,,
snow,*,초등,,
so,*,초등,,
soak,,선택,,
soap,,선택,,
soccer,*,초등,,
social,**,중고공통,,
society,**,중고공통,,
sociology,,선택,,
sock,*,초등,,
soft,*,초등,,
software,*,초등,,
soil,**,중고공통,,
soldier,**,중고공통,,
sole,,선택,,
solid,**,중고공통,,
solve,**,중고공통,,
some,*,초등,,
somewhat,**,중고공통,,
son,*,초등,,
song,*,초등,,
soon,**,중고공통,,
sophisticate,,선택,,
sore,**,중고공통,,
sorry,*,초등,,
sort,**,중고공통,,
soul,**,중고공통,,
sound,*,초등,,
soup,*,초등,,
sour,**,중고공통,,
source,**,중고공통,,
south,*,초등,,
space,*,초등,,
spaghetti,*,초등,,
span,,선택,,
spare,**,중고공통,,
spark,,선택,,
speak,*,초등,,
species,**,중고공통,,special
specific,**,중고공통,,
spectacle,,선택,,
spectrum,,선택,,
speech,**,중고공통,,
speed,*,초등,,
spell,**,중고공통,,
spend,**,중고공통,,
sphere,,선택,,
spill,,선택,,
spin,**,중고공통,,
spirit,**,중고공통,,
spit,,선택,,
splash,,선택,,
split,,선택,,
spoil,**,중고공통,,
sponsor,**,중고공통,,
spoon,*,초등,,
sport,*,초등,,
spot,**,중고공통,,
spouse,,선택,,
spray,**,중고공통,,
spread,**,중고공통,,
spring,*,초등,,
spy,**,중고공통,,
square,**,중고공통,,
squeeze,,선택,,
stable,**,중고공통,,
stack,,선택,,
staff,*,초등,,
stage,**,중고공통,,
stain,,선택,,
stairs,**,중고공통,,
stamp,**,중고공통,,
stand,*,초등,,
standard,**,중고공통,,
star,*,초등,,
stare,**,중고공통,,
start,*,초등,,
starve,,선택,,
state,**,중고공통,,
station,**,중고공통,,
statistic,,선택,,
statue,,선택,,
status,,선택,,
stay,*,초등,,
steady,**,중고공통,,
steak,*,초등,,
steal,**,중고공통,,
steam,**,중고공통,,
steel,**,중고공통,,
steep,,선택,,
stem,,선택,,
step,**,중고공통,,
stick,**,중고공통,,
stiff,,선택,,
still,**,중고공통,,
stimulate,,선택,,
stir,**,중고공통,,
stitch,,선택,,
stock,**,중고공통,,
stomach,**,중고공통,,
stone,*,초등,,
stop,*,초등,,
store,*,초등,,
storm,**,중고공통,,
story,*,초등,,
stove,,선택,,
straight,**,중고공통,,
strain,,선택,,
strange,**,중고공통,,
strategy,**,중고공통,,
strawberry,**,중고공통,,
stream,**,중고공통,,
street,*,초등,,
stress,**,중고공통,,
stretch,**,중고공통,,
strict,,선택,,
strike,**,중고공통,,
string,**,중고공통,,
strip,,선택,,
stripe,,선택,,
stroke,,선택,,
strong,*,초등,,
structure,**,중고공통,,
struggle,**,중고공통,,
studio,**,중고공통,,
study,*,초등,,student
stuff,**,중고공통,,
style,*,초등,,
subject,**,중고공통,,subjective
submarine,,선택,,
submit,,선택,,submission
subscribe,,선택,,
substance,,선택,,substantial
substitute,,선택,,
subtle,,선택,,
suburb,,선택,,
subway,*,초등,,
succeed,**,중고공통,,
success,**,중고공통,,
such,**,중고공통,,
suck,,선택,,
sudden,**,중고공통,,
suffer,**,중고공통,,
suffice,,선택,,sufficient
sugar,*,초등,,
suggest,**,중고공통,,
suicide,,선택,,
suit,**,중고공통,,
suite,,선택,,
sum,**,중고공통,,summary
summer,*,초등,,
summit,,선택,,
sun,*,초등,,
super,**,중고공통,,
superb,,선택,,
superior,,선택,,
supervise,,선택,,
supper,**,중고공통,,
supplement,,선택,,
supply,**,중고공통,,
support,**,중고공통,,
suppose,**,중고공통,,
sure,*,초등,,ensure
surface,**,중고공통,,
surgery,,선택,,
surprise,**,중고공통,,
surrender,,선택,,
surround,**,중고공통,,
survey,**,중고공통,,
survive,**,중고공통,,
suspect,**,중고공통,,
suspend,,선택,,
sustain,,선택,,
swallow,**,중고공통,,
swear,,선택,,
sweat,,선택,,
sweater,**,중고공통,,
sweep,**,중고공통,,
sweet,**,중고공통,,
swell,,선택,,
swift,,선택,,
swim,*,초등,,
swing,**,중고공통,,
switch,**,중고공통,,
symbol,,선택,,
sympathy,,선택,,
symphony,,선택,,
symptom,,선택,,
system,**,중고공통,,
table,*,초등,,
tackle,,선택,,
tag,,선택,,
tail,*,초등,,
take,*,초등,,mistake
tale,**,중고공통,,
talent,,선택,,
talk,*,초등,,
tall,*,초등,,
tank,**,중고공통,,
tap,**,중고공통,,
tape,*,초등,,
target,**,중고공통,,
task,,선택,,
taste,*,초등,,
tax,**,중고공통,,
taxi,*,초등,,
tea,**,중고공통,,
teach,*,초등,,
team,*,초등,,
tear,**,중고공통,,
tease,,선택,,
technique,**,중고공통,technic,
technology,**,중고공통,,
teenage,**,중고공통,,
telegraph,,선택,,
telephone,*,초등,phone,
television,*,초등,,
tell,*,초등,,
temperature,**,중고공통,,
temple,,선택,,
temporary,,선택,,
tempt,,선택,,
ten,*,초등,,
tenant,,선택,,
tend,**,중고공통,,
tender,,선택,,
tennis,*,초등,,
tense,**,중고공통,,
tent,*,초등,,
term,**,중고공통,,
terminal,,선택,,
terminate,,선택,,
terrace,,선택,,
terrible,**,중고공통,,
terrific,,선택,,
territory,,선택,,
terror,,선택,,terrorist
test,*,초등,,
text,**,중고공통,,
textbook,*,초등,,
than,*,초등,,
thank,*,초등,,
that,*,초등,,
the,*,초등,,
theater,**,중고공통,theatre,
theme,,선택,,
then,**,중고공통,,
theory,**,중고공통,,
therapy,,선택,,
there,*,초등,,
therefore,**,중고공통,,
they,*,초등,,
thick,**,중고공통,,
thief,**,중고공통,,
thin,**,중고공통,,
thing,*,초등,,
think,*,초등,,
third,*,초등,,
thirst,*,초등,,
thirteen,*,초등,,
thirty,*,초등,,
this,*,초등,,
thorough,,선택,,
though,**,중고공통,,
thousand,**,중고공통,,
thread,,선택,,
threat,**,중고공통,,
three,*,초등,,
thrill,,선택,,
throat,**,중고공통,,
through,**,중고공통,,
throw,**,중고공통,,
thumb,,선택,,
thus,**,중고공통,,
tick,,선택,,
ticket,*,초등,,
tide,**,중고공통,,tidy
tie,**,중고공통,,
tiger,*,초등,,
tight,**,중고공통,,
till,**,중고공통,,
timber,,선택,,
time,*,초등,,
tin,**,중고공통,,
tiny,**,중고공통,,
tip,**,중고공통,,
tire,*,초등,,tired
tissue,,선택,,
title,**,중고공통,,entitle
to,*,초등,,
toast,**,중고공통,,
today,*,초등,,
toe,**,중고공통,,
together,*,초등,,
toilet,**,중고공통,,
tomato,*,초등,,
tomorrow,*,초등,,
tone,**,중고공통,,
tongue,**,중고공통,,
tonight,*,초등,,
too,*,초등,,
tool,**,중고공통,,
tooth,*,초등,,
top,*,초등,,
topic,**,중고공통,,
torture,,선택,,
toss,,선택,,
total,**,중고공통,,
touch,*,초등,,
tough,**,중고공통,,
tour,**,중고공통,,
toward,**,중고공통,towards,
towel,**,중고공통,,
tower,**,중고공통,,
town,*,초등,,
toxic,,선택,,
toy,*,초등,,
trace,**,중고공통,,
track,*,초등,,
trade,**,중고공통,,
tradition,**,중고공통,,
traffic,**,중고공통,,
tragic,,선택,,
trail,,선택,,
train,*,초등,,
transact,,선택,,
transfer,**,중고공통,,
transform,,선택,,
transition,,선택,,
translate,,선택,,
transmit,,선택,,
transport,**,중고공통,,transportation
trap,**,중고공통,,
travel,*,초등,,
tray,**,중고공통,,
treasure,,선택,,
treat,**,중고공통,,
treaty,,선택,,
tree,*,초등,,
tremendous,,선택,,
trend,,선택,,
triangle,**,중고공통,,
tribe,,선택,,
trick,**,중고공통,,
trigger,,선택,,
trim,,선택,,
trip,*,초등,,
triumph,,선택,,
troop,,선택,,
trouble,**,중고공통,,
truck,*,초등,,
true,*,초등,,
trunk,**,중고공통,,
trust,**,중고공통,,
truth,**,중고공통,,
try,*,초등,,trial
tube,,선택,,
tune,**,중고공통,,
tunnel,,선택,,
turn,*,초등,,
turnover,,선택,,
twelve,*,초등,,
twenty,*,초등,,
twenty-first,*,초등,,
twenty-second,*,초등,,
twenty-third,*,초등,,
twice,*,초등,,
twin,**,중고공통,,
twist,**,중고공통,,
two,*,초등,,
type,*,초등,,
ugly,*,초등,,
ultimate,,선택,,
umbrella,*,초등,,
uncle,*,초등,,
under,*,초등,,
undergo,,선택,,
underlie,,선택,,
undermine,,선택,,
understand,*,초등,,
undertake,,선택,,
uniform,**,중고공통,,
unify,,선택,,
unique,,선택,,
unit,**,중고공통,,
unite,**,중고공통,,union
universe,,선택,,
university,**,중고공통,,
unless,**,중고공통,,
until,**,중고공통,,
up,*,초등,,
update,,선택,,
upon,**,중고공통,,
upper,**,중고공통,,
upset,**,중고공통,,
upward,,선택,upwards,
urban,,선택,,
urge,,선택,,urgent
use,*,초등,,usual
utilize,,선택,utilise,
utter,,선택,,
vacate,,선택,,vacation
vaccine,,선택,,
vacuum,,선택,,
vague,,선택,,
valid,,선택,,
valley,**,중고공통,,
value,**,중고공통,,
van,**,중고공통,,
vanish,,선택,,
various,**,중고공통,,
vary,**,중고공통,,
vast,,선택,,
vegetable,*,초등,,
vehicle,**,중고공통,,
venture,,선택,,
verb,,선택,,verbal
verse,,선택,,
version,**,중고공통,,
versus,,선택,,
vertical,,선택,,
very,*,초등,,
vessel,,선택,,
veterinarian,,선택,,
via,,선택,,
vice,,선택,,
victim,**,중고공통,,
victory,,선택,,
video,*,초등,,
view,**,중고공통,,"interview, review"
vigor,,선택,,vigorous
villa,**,중고공통,,
village,**,중고공통,,
violent,**,중고공통,,
violin,*,초등,,
virgin,,선택,,
virtue,,선택,,virtual
virus,,선택,,
visible,,선택,,
vision,**,중고공통,,
visit,*,초등,,
visual,,선택,,
vital,,선택,,
vivid,,선택,,
vocabulary,,선택,,
vocation,,선택,,
voice,*,초등,,
volume,**,중고공통,,
volunteer,**,중고공통,,
vote,**,중고공통,,
wage,**,중고공통,,
wait,*,초등,,
wake,*,초등,,
walk,*,초등,,
wall,*,초등,,
wander,,선택,,
want,*,초등,,
war,*,초등,,
warehouse,,선택,,
warm,*,초등,,
warn,**,중고공통,,
warrant,,선택,,
wash,*,초등,,
waste,**,중고공통,,
watch,*,초등,,
water,*,초등,,
watermelon,*,초등,,
wave,**,중고공통,,
way,*,초등,,
we,*,초등,,
weak,**,중고공통,,
wealth,,선택,,
weapon,**,중고공통,,
wear,*,초등,,
weather,*,초등,,
weave,,선택,,
website,*,초등,,
wedding,*,초등,,
weed,,선택,,
week,*,초등,,
weekend,*,초등,,
weigh,**,중고공통,,
weight,*,초등,,
weird,,선택,,
welcome,*,초등,,
welfare,,선택,,
well,*,초등,,
west,*,초등,,
wet,*,초등,,
whale,**,중고공통,,
what,*,초등,,
wheat,,선택,,
wheel,**,중고공통,,
when,*,초등,,
where,*,초등,,
whereas,,선택,,
whether,**,중고공통,,
which,**,중고공통,,
while,**,중고공통,,
whip,,선택,,
whisper,**,중고공통,,
whistle,**,중고공통,,
white,*,초등,,
who,*,초등,,
whole,**,중고공통,,
why,*,초등,,
wicked,,선택,,
wide,**,중고공통,,
wife,*,초등,,
wild,**,중고공통,,
will,*,초등,,
win,*,초등,,
wind,*,초등,,
window,*,초등,,
wine,*,초등,,
wing,**,중고공통,,
winter,*,초등,,
wipe,**,중고공통,,
wire,**,중고공통,,
wise,**,중고공통,,
wish,*,초등,,
wit,,선택,,
with,*,초등,,
withdraw,,선택,,
within,**,중고공통,,
without,**,중고공통,,
witness,,선택,,
woman,*,초등,,
wonder,**,중고공통,,
wood,*,초등,,
wool,**,중고공통,,
word,*,초등,,
work,*,초등,,
world,*,초등,,
worry,*,초등,,
worship,,선택,,
worth,**,중고공통,,
would,**,중고공통,,
wound,**,중고공통,,
wrap,**,중고공통,,
wreck,,선택,,
write,*,초등,,
wrong,*,초등,,
year,*,초등,,
yell,**,중고공통,,
yellow,*,초등,,
yes,*,초등,yeah / yep,
yesterday,*,초등,,
yet,**,중고공통,,
yield,,선택,,
you,*,초등,,
young,*,초등,,
zebra,**,중고공통,,
zero,**,중고공통,,
zone,,선택,,
zoo,*,초등,,
